id,first_name,last_name,age,gender,car_model,car_model_year,car_vin,job_title,country
1,Hale,Simmig,29,Male,R-Class,2011,1G6KD57Y29U656781,Associate Professor,Kyrgyzstan
2,Jarib,Durak,46,Male,Special,1962,WAUJGBFC9DN179318,Environmental Specialist,Costa Rica
3,Davey,Assel,68,Male,S-Class,1991,1N6AA0CJ6DN445967,Marketing Manager,United States
4,Alejandrina,Watman,29,Female,Bravada,1992,WBABN33453J888007,Senior Financial Analyst,China
5,Phoebe,Mongenot,83,Female,W201,1988,1YVHZ8BH2D5943973,Payment Adjustment Coordinator,Poland
6,Gail,Twitty,22,Female,MX-5,2003,WA1MKAFP8AA973462,Media Manager I,Colombia
7,Marcos,Manuelli,37,Male,Galant,1994,WAUKF98E08A312382,Mechanical Systems Engineer,Estonia
8,Marcile,Dowtry,21,Female,Cooper Clubman,2010,JN1CV6EK3AM874948,Assistant Professor,Portugal
9,Gloriane,Figg,27,Female,Pilot,2005,WAUNF78P18A131312,Computer Systems Analyst I,China
10,Port,Atkin,50,Male,Express 1500,2010,2G4GU5EV3C9436514,Senior Sales Associate,Russia
11,Kiley,Spurier,53,Female,Town Car,2003,2T2BK1BA6FC002649,Product Engineer,Botswana
12,Adolphe,Fowles,90,Male,QX56,2009,WVGEF9BP0DD892893,Recruiting Manager,Indonesia
13,Sybilla,Giacobilio,57,Female,Outlander,2003,3GYFK12259G803284,General Manager,United States
14,Trina,Jerschke,50,Female,2500,1992,SAJWA2GT1EM803310,Teacher,Russia
15,Pierrette,Pickett,44,Female,98,1992,3FADP4AJ4CM631515,VP Quality Control,Mongolia
16,Alisun,Phillippo,18,Female,Savana,2007,1G6DM8E33D0950871,Media Manager IV,China
17,Steward,Hammerson,85,Male,LR3,2005,SCFFDABM4EG770318,Business Systems Development Analyst,China
18,Mark,Pendlebury,43,Male,F250,2001,JTEBU5JR7F5549631,Staff Scientist,Indonesia
19,Dev,Gobourn,57,Male,Astro,1995,5GNRNHEEXA8943625,Pharmacist,Ireland
20,Russ,Eddisford,63,Male,530,2006,JN1CV6EKXDM369882,Senior Developer,China
21,Abrahan,Sabbins,81,Male,Impala,2010,19UUA65695A102818,Geologist IV,Pakistan
22,Jonie,Newlove,67,Female,Mazda6,2008,WBAWR33578P687230,Assistant Professor,Canada
23,Beverie,Querrard,34,Female,Tacoma,2012,WAUHFAFL0CN745537,Actuary,Belarus
24,Ring,Branchett,46,Male,Charger,2008,KNAGM4A73B5561222,Occupational Therapist,Ivory Coast
25,Mommy,Adicot,70,Female,Grand Voyager,2000,4F2CY0C75AK780436,Executive Secretary,Indonesia
26,Ramona,Gullen,74,Female,LUV,1979,1FBNE3BL2DD471485,Senior Quality Engineer,China
27,Biddie,Massy,29,Female,E350,2012,KNAGG4A89A5255592,Human Resources Manager,China
28,Bond,Bleackly,56,Male,Armada,2011,WAULT58E65A887474,Media Manager III,Palestinian Territory
29,Reeta,Iacomi,68,Female,Firefly,1988,WAUFL44D73N155557,Software Engineer IV,Iran
30,Elle,Autie,30,Female,Grand Vitara,2004,JTHBE1KS5B0287285,Environmental Specialist,Japan
31,Cobb,Gwinn,86,Male,F-Series Super Duty,2007,JM1NC2EFXA0942516,Executive Secretary,Ireland
32,Matilda,Piddington,35,Female,Venture,2004,JN8AF5MR5ET125093,Programmer Analyst III,China
33,Zandra,Doleman,41,Female,Corrado,1990,1FTSW3A56AE726479,Senior Editor,Russia
34,Charis,Bassil,76,Female,Explorer Sport Trac,2010,1ZVBP8JZ6E5283642,Cost Accountant,Indonesia
35,Vern,Puleston,34,Male,MX-5,1995,WBADN53401G293984,Junior Executive,Indonesia
36,Lacie,Blackburne,32,Female,S90,1998,1G4GE5GVXAF435732,Nurse,Greece
37,Mady,Stimpson,24,Female,Sephia,1994,WDDEJ7EB8CA692647,Engineer IV,China
38,Ranee,Oxenford,82,Female,Freelander,2003,WA1CGAFE5FD740107,Graphic Designer,Poland
39,Weider,Scolding,68,Male,Chariot,1989,1G6AU5S86E0333385,VP Product Management,Peru
40,Reuben,Lafayette,52,Male,9-5,2007,JTDKN3DU0A0334555,Marketing Assistant,China
41,Neron,De Filippo,43,Male,90,1995,WBA5M0C5XED419343,Executive Secretary,Vietnam
42,Culley,Brake,70,Male,X5,2003,3VWML7AJ6EM873908,Community Outreach Specialist,France
43,Marco,Ritter,56,Male,LR2,2010,YV4902DZ7D2478967,Assistant Manager,Somalia
44,Penny,Myrtle,24,Female,Stratus,2005,1GYS4AEF8ER545117,Social Worker,China
45,Torrin,Penton,56,Male,M,2006,1G4PR5SK5D4100430,GIS Technical Architect,Indonesia
46,Jehu,Warin,60,Male,Trans Sport,1991,JN8AE2KP5F9011242,Structural Analysis Engineer,Sri Lanka
47,Blayne,Underdown,27,Male,Cabriolet,2002,4T3BK3BB9FU545850,Dental Hygienist,Russia
48,Melina,Piola,74,Female,Express,2007,3C63D3HL9CG344712,Computer Systems Analyst II,China
49,Rikki,MacLardie,40,Male,EX,2011,WBAKA83539C679508,Human Resources Manager,China
50,Carlotta,Lawey,64,Female,Legacy,1996,SCFAB01A26G719970,Environmental Specialist,China
51,Eilis,Tidy,76,Female,Th!nk,2002,2B3CA8CT4AH456564,Structural Analysis Engineer,Albania
52,Elie,Wansbury,19,Female,Tracer,1997,1FTSW2B56AE511810,Mechanical Systems Engineer,New Zealand
53,Vale,Pennuzzi,57,Male,A8,2004,WAUVVAFRXAA473917,Human Resources Assistant IV,Syria
54,Patsy,Garrould,20,Male,Pajero,2000,SAJWJ0EF9E8534497,Chief Design Engineer,Cuba
55,Elijah,Walewski,42,Male,Jetta,2009,1GYS4FEJ5CR411874,Chemical Engineer,Peru
56,Emmerich,Trever,49,Male,CLK-Class,2005,WBABD334X4P681386,Accounting Assistant I,South Africa
57,Sibilla,Blewett,79,Female,Highlander,2002,1C4RDHDG5FC119641,Civil Engineer,Indonesia
58,Gillan,Mulles,42,Female,Phantom,2007,2G61N5S31E9518127,Programmer I,Palestinian Territory
59,Naomi,Rizzi,71,Female,Sebring,2005,2C3CCAHG7CH138005,Recruiting Manager,Peru
60,Dominica,Ruggen,82,Female,Aerostar,1996,3N1AB6AP2BL555750,Social Worker,Colombia
61,Asa,Francey,53,Male,Continental Super,2012,WBA3C3G56EN070374,Analyst Programmer,Cuba
62,Danyelle,Farr,51,Female,S-Series,2000,YV126MFD3F1374415,Librarian,Russia
63,Augusto,Leatham,75,Male,Golf,1989,1G4HB5EM8AU272761,Dental Hygienist,China
64,Adda,Kelcher,88,Female,Silverado 1500,2006,JN8AZ2KRXAT636415,Account Executive,Indonesia
65,Mitchel,De la Yglesia,64,Male,Accord,2003,3GYFK628X7G072950,Assistant Manager,China
66,Fredia,Glaze,82,Female,Corvette,1964,WP0CA2A87FS415355,Registered Nurse,Mexico
67,Gerome,Baiss,35,Male,Mazda3,2011,19XFB4F29EE574034,Database Administrator I,Nigeria
68,Pietra,O'Sheilds,34,Female,Armada,2011,5TDDK3DC5DS733553,Chemical Engineer,Mongolia
69,Roanne,Gillebert,54,Female,5 Series,2009,JTHFF2C28E2231255,Research Assistant III,Tunisia
70,Maritsa,Upjohn,47,Female,Parisienne,1984,1ZVBP8JS3A5947456,Editor,Indonesia
71,Coralyn,Jeffray,44,Female,9-7X,2008,1B3CB8HB5AD580272,Account Representative II,China
72,Monique,Pruce,74,Female,626,1990,1B3CB9HA1BD331935,Database Administrator IV,Ivory Coast
73,Elvin,Sanchiz,77,Male,Bravada,1993,WA1DVBFE9AD841840,Computer Systems Analyst I,Indonesia
74,Willette,Rainger,23,Female,Blackwood,2003,2HNYD18895H596701,Structural Analysis Engineer,Malaysia
75,Golda,Enterle,41,Female,Diablo,1994,JN8AE2KP2F9853259,VP Sales,Zimbabwe
76,Barbe,Goscomb,84,Female,LS,2002,3D73M4ELXBG356133,VP Product Management,France
77,Dionisio,Linscott,77,Male,LeSabre,1994,WDCYC3HF4DX611855,Software Test Engineer III,China
78,Hettie,Muneely,78,Female,Defender,1993,3GTU2YEJ2DG241958,Cost Accountant,France
79,Wendi,Varfalameev,19,Female,Neon,1997,WAU4FBFL0CA048137,VP Marketing,Honduras
80,Fiorenze,Woolvin,30,Female,Maxima,2006,WAUGL58E15A381018,Account Representative III,France
81,Kattie,Jelliman,60,Female,Firebird Formula,1999,2C3CDXJG5FH839950,Community Outreach Specialist,China
82,Hermann,Knight,39,Male,MPV,2005,JN1CV6AP4BM825549,Sales Representative,Venezuela
83,Vita,Kidney,76,Female,Escalade ESV,2010,1FTMF1CW7AK856789,Occupational Therapist,China
84,Pearla,Ducker,71,Female,IS,2002,WVWBN7AN3FE610094,Senior Cost Accountant,Vietnam
85,Bobbie,Banisch,45,Female,Spectra,2008,5GADX33L85D702413,Systems Administrator III,China
86,Carlin,Cortese,50,Male,924,1988,5FNYF3H29FB333543,VP Sales,Sweden
87,Kary,Brocket,65,Female,Esperante,2006,1G6DS5ED4B0927755,Compensation Analyst,China
88,Peri,Pinchen,89,Female,Ram 2500,2007,1GTC5LF92C8558413,Nurse Practicioner,Argentina
89,Murielle,Beebis,32,Female,Sorento,2005,WBAVA33528P832385,Senior Cost Accountant,Jamaica
90,Essie,Ancliffe,70,Female,Contour,1997,KMHHT6KD1AU663421,Help Desk Technician,Philippines
91,Lyssa,Rives,74,Female,Crown Victoria,2003,WAUBC48H15K729263,Teacher,Tanzania
92,Coleman,Wofenden,20,Male,I,1996,5BZAF0AAXEN759565,Senior Cost Accountant,Brazil
93,Cleon,Grimsdyke,44,Male,DeVille,1992,WAUPEAFM4CA634603,Nuclear Power Engineer,Portugal
94,Melvin,Aspray,36,Male,Tacoma Xtra,1995,1FTWF3A58AE461422,Senior Sales Associate,China
95,Fransisco,Sudron,49,Male,Xtra,1995,1C3CCBCG2DN707753,Desktop Support Technician,China
96,Pris,Tweedy,50,Female,Accent,2003,5N1AT2ML0EC743447,Marketing Assistant,Russia
97,Jemie,Delahunty,61,Female,Econoline E350,1995,KMHFH4JG6FA076598,Tax Accountant,Vietnam
98,Charmaine,MacAirt,44,Female,Avalanche 2500,2006,WAUKF98E66A847391,Operator,Uganda
99,Veronique,Borris,84,Female,7 Series,1995,1FMJU1J55AE712560,Web Designer II,Philippines
100,Livia,Antognoni,38,Female,Z4,2006,3VWJP7AT7CM333294,Compensation Analyst,France
101,Carroll,Chable,33,Male,Rio,2008,1G6DC1E32D0365760,Desktop Support Technician,Philippines
102,Hort,Bartaloni,20,Male,Sidekick,1992,SALAC2D41CA195098,Account Executive,Ecuador
103,Ruperto,Dunridge,64,Male,Yukon XL 2500,2003,4T3BA3BB4EU826522,Graphic Designer,China
104,Hilario,Edgcumbe,28,Male,Econoline E150,1994,2T1BURHE7FC945995,Human Resources Manager,France
105,Thadeus,Look,51,Male,Challenger,2009,SCBLF44J47C747733,Mechanical Systems Engineer,Bolivia
106,Violette,Carass,34,Female,Pathfinder,1998,WA1CMBFP4EA619603,Sales Representative,Poland
107,Nicol,Bafford,79,Male,Camry Hybrid,2009,1D4RD5GG1BC174336,Community Outreach Specialist,Russia
108,Berni,Bullcock,64,Female,Sequoia,2012,WBAVB73557V091292,Office Assistant I,Uganda
109,Annabella,Walch,75,Female,Spider,1993,WAUFGAFC0FN861524,Project Manager,China
110,Yasmin,Briatt,41,Female,90,1991,5TDBW5G13BS598944,Payment Adjustment Coordinator,Venezuela
111,Misha,Courtney,71,Female,Sonoma,1997,JN1BV7AP3FM387579,Desktop Support Technician,Serbia
112,Tawsha,Merlin,25,Female,Civic,1994,WAUGL78E08A535847,Senior Quality Engineer,Argentina
113,Shepperd,Marrion,48,Male,Dakota,1993,SAJWA1CB4CL719380,Software Engineer IV,Afghanistan
114,Silva,Frankes,68,Female,2500,1995,1N6AD0CU9CC423859,Senior Sales Associate,Palestinian Territory
115,Valentin,Hebbes,40,Male,Prelude,2001,WVWED7AJXBW552499,Human Resources Manager,China
116,Mattie,Dalmon,41,Female,Caravan,2006,4F2CY0C7XAK668165,Technical Writer,France
117,Harcourt,Riccio,60,Male,Continental GT,2008,1G6KD54Y84U008035,Staff Accountant I,Portugal
118,Inga,Aslott,67,Female,Equinox,2006,SALVP2BG1FH787096,Desktop Support Technician,Indonesia
119,Moore,Hambribe,50,Male,Elantra,2007,JH4KC1F53FC097208,General Manager,Ukraine
120,Paco,Gaisford,30,Male,Ram 1500,1997,1G4CU541224516367,Director of Sales,Macedonia
121,Quintina,Fishpoole,60,Female,Firebird,1985,WVWED7AJ0BW045000,Food Chemist,Ireland
122,Carlyle,Lowes,41,Male,Econoline E150,1999,19UUA76638A044486,Senior Quality Engineer,China
123,Oralia,Garza,43,Female,Carens,2008,WP0CA2A80FS104026,Nurse Practicioner,Burkina Faso
124,Laraine,Perrycost,82,Female,Navigator,2012,YV126MFC6F2921680,Internal Auditor,Indonesia
125,Bernadette,Patterson,68,Female,F150,2004,1D7RB1CP6BS416681,Information Systems Manager,China
126,Seka,Caldairou,50,Female,X5,2000,WAUXG74F29N161979,Computer Systems Analyst IV,Indonesia
127,Roxanne,Pestricke,42,Female,Z4,2005,1G6KD57Y68U331923,Teacher,Portugal
128,Dosi,Klassmann,82,Female,Celica,1992,3VW4T7AT1EM233803,VP Marketing,North Korea
129,Filmore,Sheal,50,Male,Boxster,1997,YV1902FH5D1554841,Marketing Manager,Macedonia
130,Elset,Korn,84,Female,Aspen,2009,WBANV93568C847017,Senior Developer,China
131,Rica,Fetherby,42,Female,S10,1995,WP0CA2A82FS416977,Statistician IV,China
132,Jackson,Chazelle,43,Male,Suburban 2500,1998,WAUML54B34N261078,Executive Secretary,Maldives
133,Gibbie,Huyhton,54,Male,200SX,1996,WDDGF4HBXEA972755,Product Engineer,Honduras
134,Gavra,Jovis,78,Female,Trooper,2001,WBALZ5C52CD424278,Nurse Practicioner,Thailand
135,Marchelle,Gann,40,Female,Safari,1989,JN1CV6EL0EM870502,Associate Professor,Brazil
136,Arden,O'Dyvoy,70,Female,LS,2000,WA1WMAFE5DD267540,Budget/Accounting Analyst I,China
137,Orion,Stirton,84,Male,Accent,2000,JH4CW2H53BC241946,Financial Analyst,China
138,Arleta,Cridlin,49,Female,Ram 2500 Club,1999,1G4HP57248U619753,Software Consultant,Japan
139,Aimil,Couser,86,Female,Special,1962,WAUHGAFC7EN338847,Structural Analysis Engineer,Indonesia
140,Archibald,Gontier,60,Male,5 Series,2009,2C3CCAEG3EH504209,Cost Accountant,China
141,Tania,Duffil,22,Female,PT Cruiser,2007,1VWAH7A36EC079837,Web Developer I,Sweden
142,Randal,Francesch,75,Male,CR-V,2006,5TDBY5G1XBS458528,Associate Professor,China
143,Crystie,Kett,67,Female,RX,2001,1FMCU0D76AK867782,Technical Writer,Poland
144,Audi,Upston,84,Female,Sierra 2500,2001,WAULH64BX1N455282,Professor,Portugal
145,Fran,Fry,41,Male,SJ,1989,WBA3B5C56FP901754,Marketing Assistant,Poland
146,Franky,Chaplin,66,Male,Echo,2004,SALFR2BG4EH125588,Recruiter,China
147,Tod,Erskine,57,Male,Legacy,1997,WAUXF98K69A032656,Safety Technician III,Indonesia
148,Kristos,Peasegod,46,Male,Cavalier,2000,WAUFFBFL2BA166083,VP Marketing,China
149,Philipa,Burnage,23,Female,RX Hybrid,2010,1G6DU6ED7B0350493,VP Accounting,Portugal
150,Richardo,Hanlon,76,Male,CX-9,2009,1G6DV5EP6D0430226,VP Accounting,Colombia
151,Raoul,Rogeron,52,Male,Somerset,1986,1G6KD5EYXAU077027,Civil Engineer,Paraguay
152,Tobe,Ogilby,40,Male,S4,2012,WA1DGAFE1CD809889,Physical Therapy Assistant,Russia
153,Noreen,Phant,56,Female,9000,1998,2G61N5S38F9942499,Technical Writer,Afghanistan
154,Orelie,Harryman,87,Female,Versa,2009,1GKKRNEDXCJ310828,Senior Developer,Hungary
155,Cletis,Rapa,25,Male,Sonoma,2000,3VWKZ7AJ7BM411102,Office Assistant I,Bolivia
156,Adelice,Treadgold,87,Female,Nitro,2010,19UUA9F5XCA852118,Design Engineer,Greece
157,Way,Suart,18,Male,V8 Vantage S,2011,1FTEW1CM0CF007019,Compensation Analyst,Indonesia
158,Mina,Bourthouloume,36,Female,Touareg,2006,19UYA42702A098852,Help Desk Operator,Germany
159,Alisander,Kief,83,Male,300M,2003,WBAXH5C53CC977273,Structural Engineer,Saudi Arabia
160,Winslow,Larrosa,82,Male,Astra,2009,WAUSG94F69N212681,Geologist IV,Thailand
161,Kare,Francois,30,Female,C-MAX Hybrid,2013,WAURV78T88A637334,Assistant Manager,Indonesia
162,Jedediah,Thody,33,Male,IS,2001,JH4KA96654C489794,Graphic Designer,Sweden
163,Durward,Lemar,35,Male,MX-6,1989,WVGEG9BPXCD572797,Chief Design Engineer,Indonesia
164,Mahmoud,Timmermann,50,Male,Bravada,1992,3C3CFFDR7ET993079,Teacher,Portugal
165,Silvia,Jessep,64,Female,Seville,2000,WAUFFAFL8AN631080,Senior Cost Accountant,Czech Republic
166,Iseabal,Lynde,27,Female,Esteem,1998,1FTSX2B52AE179457,Legal Assistant,China
167,Artie,Epilet,48,Male,Cavalier,1995,WA1DGAFP3FA752876,Editor,France
168,Jorie,Siggens,68,Female,Aspen,1976,3N1BC1AP0AL274632,Data Coordiator,Cambodia
169,Morgan,Ffrench,78,Male,Savana 3500,2006,1FT7W2A69EE890551,Tax Accountant,Colombia
170,Yule,Simmon,64,Male,Sunfire,2001,WBAVB33556A249628,Computer Systems Analyst III,China
171,Flynn,Camlin,83,Male,S60,2013,1GYUCEEJ4AR995218,Marketing Manager,Thailand
172,Kate,Biggerstaff,22,Female,Festiva,1989,WBA3C3C59FP560951,Food Chemist,Greece
173,Ben,Mackrell,80,Male,Escalade EXT,2002,3FA6P0LU9DR693795,VP Product Management,China
174,Rolf,Matthewson,76,Male,Mustang,1996,1FTSW2A56AE856434,Staff Accountant III,Peru
175,Glynis,Tine,25,Female,MR2,1993,2B3CJ7DWXAH637428,Geological Engineer,Philippines
176,Darrin,Polden,90,Male,Voyager,1993,WA1BY74L38D124048,Geologist IV,Chad
177,Calvin,Bathow,52,Male,Esprit,2004,WAUHF78P78A728283,Systems Administrator IV,United States
178,Tabor,Jenney,45,Male,Impreza,2007,WP1AB2A25FL582352,Budget/Accounting Analyst III,South Korea
179,Brew,Gundrey,56,Male,G,2002,WAUAKAFB9BN260509,Account Executive,China
180,Sascha,McSorley,23,Male,Range Rover,2011,TRURD38J391828583,Statistician II,Afghanistan
181,Adelaide,Dalgety,28,Female,Grand Marquis,1994,5J6TF3H30CL869478,Cost Accountant,North Korea
182,Carmelina,Vondruska,32,Female,Riviera,1986,WAULFAFR8DA775909,Structural Analysis Engineer,Indonesia
183,Donavon,Washtell,71,Male,Sebring,1995,3VW4S7AT2EM146835,Senior Financial Analyst,Portugal
184,Sam,Dobbs,48,Male,Elantra,2006,WBAKN9C50FD471988,Actuary,Jordan
185,Bernita,De Ferrari,37,Female,SVX,1994,JTHBL5EF3C5120245,Engineer II,Sweden
186,Stevana,Roisen,66,Female,Rendezvous,2004,SAJWA4EC4CM018601,Office Assistant I,Malta
187,Kelley,Kilpatrick,29,Female,Golf,2004,2C3CA6CT9AH193477,Desktop Support Technician,Denmark
188,Roobbie,Dobel,55,Female,MGB,1977,3VW1K7AJ7DM750851,Financial Analyst,China
189,Elmer,Houlworth,42,Male,Tredia,1988,ZHWGU5BZ0CL606209,Senior Developer,Russia
190,Matt,Spire,31,Male,Elantra,2009,3D4PG9FG4BT350601,Staff Accountant IV,Mexico
191,Hamnet,Brouwer,57,Male,Expedition,2011,WAUDF98E38A931843,Marketing Manager,Indonesia
192,Jenda,Conkay,53,Female,RDX,2011,5N1AZ2MH0FN269595,Software Test Engineer IV,Portugal
193,Ermanno,Suggett,27,Male,Trooper,1994,5TDBKRFH8FS131980,Engineer I,China
194,Barbee,Caramuscia,38,Female,Silverado 3500,2002,WBA3N9C50EK130105,Speech Pathologist,Afghanistan
195,Christophorus,Cokayne,65,Male,Jimmy,1994,WBAVS135X8F711272,Clinical Specialist,Greece
196,Bunni,Ruffler,31,Female,Accord,2004,SCBLC47J58C132095,Registered Nurse,China
197,Luciano,Ingley,41,Male,Jetta,2001,ML32A3HJ2EH045229,Food Chemist,Indonesia
198,Shell,Allbrook,36,Female,S40,2007,WBAKB4C50BC882867,Registered Nurse,China
199,Rebbecca,Rosenschein,29,Female,3500,2011,WBAEV534X3K265288,Analyst Programmer,Ireland
200,Morry,Pagon,84,Male,Pathfinder,2001,SCBCU8ZA8AC646904,Senior Financial Analyst,Philippines
201,Missy,Faint,39,Female,Tercel,1992,WBAKG7C54BE953351,Analog Circuit Design manager,Belarus
202,Rennie,Veldens,47,Female,Flex,2009,5FPYK1F61EB837662,Software Engineer I,Philippines
203,Jarvis,Kopp,52,Male,Impreza,1997,WAUPEAFM3BA699702,Web Designer III,Portugal
204,Row,Poynton,51,Female,B-Series Plus,1993,1N6AF0LY8FN465218,Research Assistant IV,Indonesia
205,Sib,Romanin,82,Female,Milan,2010,JM1NC2LF2E0321327,Account Representative I,China
206,Helenka,Campion,39,Female,Escalade,2010,JTDKN3DU0A0722997,Structural Analysis Engineer,Norway
207,Fayth,Gwinnell,66,Female,Ram 3500,2010,TRUWT28N421430808,Assistant Media Planner,Philippines
208,Dael,Poyntz,48,Female,NX,1993,1C3CDFEB1FD443391,Technical Writer,Venezuela
209,Claiborn,Bolger,79,Male,228,1989,3N1BC1AP1AL794225,Civil Engineer,Russia
210,Steve,Fitzsimmons,21,Male,Continental,1989,WAUDG94F65N837293,Help Desk Operator,Ukraine
211,Devinne,Brugsma,90,Female,S-Class,2001,WBAWB73538P729873,Registered Nurse,Thailand
212,Rudyard,Mistry,56,Male,GTI,2002,WAUDFAFCXFN051182,Graphic Designer,France
213,Hadley,Spyer,68,Male,Town Car,2002,3GYFNAE37CS724845,Geological Engineer,China
214,Quinn,Brickner,30,Male,Crown Victoria,2011,WP0AA2A91CS538807,Graphic Designer,France
215,Tyler,Yurocjkin,27,Male,Galant,2003,1FADP5CU0EL158911,Quality Engineer,Indonesia
216,Editha,Upsale,38,Female,LTD Crown Victoria,1985,KMHGC4DE9BU314899,Structural Analysis Engineer,Indonesia
217,Amil,Scarasbrick,73,Female,Express 3500,2002,WVGAV3AX9DW931145,Mechanical Systems Engineer,Colombia
218,Lanie,Bohl,81,Male,Eos,2008,19UUA9F29BA925872,Biostatistician II,Indonesia
219,Maighdiln,Sailor,28,Female,Topaz,1988,WAUMK98K09N028495,Engineer I,Czech Republic
220,Clarinda,Lothlorien,46,Female,Paseo,1996,WAUWFAFL7BA343219,Research Associate,Peru
221,Maura,Farrell,79,Female,4000,1987,JTEBU4BF5AK889806,Senior Editor,Indonesia
222,Raymund,Pendergrast,81,Male,Prius v,2012,2C4RDGEG9CR596911,Pharmacist,China
223,Rachelle,Stillwell,77,Female,A6,1997,JTEBU5JR1F5894086,Help Desk Technician,Nigeria
224,Les,Brownscombe,44,Male,SJ,1987,2FMHK6CC8AB274903,Assistant Manager,Ukraine
225,Neala,O'Grady,82,Female,Odyssey,2005,WAUMFAFL7AA902466,Research Assistant I,Indonesia
226,Marline,Corkan,64,Female,Dakota Club,2001,5N3ZA0NC0AN131573,Help Desk Technician,Laos
227,Brandea,Size,21,Female,Tahoe,2011,1GYEC63T84R197839,Safety Technician I,Cyprus
228,Hube,Kleinstern,82,Male,F-Series,2007,2G4WN58C391007318,Human Resources Assistant III,Russia
229,Stevie,Featherstonehaugh,30,Male,Loyale,1990,JN1CV6EK2AM775568,Executive Secretary,Canada
230,Rebekah,Clere,59,Female,Santa Fe,2004,1GYS4AEF0DR402306,Speech Pathologist,Sweden
231,Belva,Dellow,77,Female,Samurai,1994,WA1VYAFEXAD700877,Help Desk Operator,Indonesia
232,Griffin,Witnall,64,Male,Pajero,2000,1FTNF2A54AE333491,Director of Sales,China
233,Elsy,Hairon,50,Female,Mazda3,2009,WAUKH68D91A207281,Graphic Designer,China
234,Gottfried,Brentnall,44,Male,Continental Super,2012,WAUHFAFL0DA657693,Accounting Assistant I,Nigeria
235,Lucie,Foyston,47,Female,Sienna,2002,2HNYD18985H259719,Account Coordinator,Indonesia
236,Alphonso,Mars,68,Male,Elantra,2005,WA1CM94L59D854802,Marketing Assistant,Philippines
237,Shoshanna,Sybry,35,Female,Ram Wagon B150,1993,WAUHF98P47A257669,Actuary,Philippines
238,Callida,Ehrat,41,Female,Expedition,1999,5J8TB18289A473897,Business Systems Development Analyst,China
239,Marisa,Dampier,33,Female,Stratus,1996,WAUHMBFC0EN497563,Media Manager II,China
240,Maurine,Dishmon,66,Female,VUE,2005,3VW4T7AT4EM270053,Accounting Assistant I,Bangladesh
241,Niel,Jerisch,82,Male,RL,1997,1G6AH5S38E0092163,Programmer III,Malaysia
242,Brinn,Gaspard,90,Female,XK Series,2000,WAUSF78K19A278464,Computer Systems Analyst I,Philippines
243,Sheila,Rous,22,Female,Outlander,2009,WAUHGAFC6CN395117,Food Chemist,Indonesia
244,Yank,Patemore,87,Male,Sienna,2002,SCFAD06D79G368782,Chief Design Engineer,Honduras
245,Aldridge,Bensen,49,Male,GTO,1999,4USBT53434L842129,Senior Financial Analyst,China
246,Crista,O'Hagirtie,46,Female,R8,2011,WBAWV13508P943028,Assistant Manager,Colombia
247,Benedetta,Siss,86,Female,Challenger,2001,WAUSF98K29A223968,Software Engineer IV,Indonesia
248,Tracy,Bute,65,Male,Lynx,1986,WAUAF78E15A764983,Programmer Analyst III,Argentina
249,Amelita,Coey,76,Female,3500,2011,WBASN2C59DC361659,Senior Financial Analyst,Greece
250,Livvy,Gounin,84,Female,SLX,1996,JM3ER2A56C0439944,Chemical Engineer,Nigeria
251,Mabelle,Verchambre,44,Female,Ram 3500,2008,1GD11XEG9FF609105,Database Administrator II,Russia
252,Yehudi,Moulder,81,Male,Freestyle,2006,WDBWK5EA0BF888461,VP Accounting,Indonesia
253,Donielle,Delnevo,86,Female,599 GTB Fiorano,2010,5GAKVAKD4EJ045283,Structural Engineer,Indonesia
254,Ardys,Cisar,53,Female,Town Car,1996,5FNYF3H33FB754568,Electrical Engineer,Russia
255,Tab,Shillitto,39,Male,Town & Country,1992,1FTEW1CM1EK998354,Social Worker,France
256,Antonella,Woodley,64,Female,Quattroporte,2006,5N1AZ2MG2FN626119,Environmental Tech,Canada
257,Lenard,Rudgerd,82,Male,3000GT,1995,3N1AB6AP7AL813484,Account Coordinator,United States
258,Townie,Stollenbecker,80,Male,900,1986,WVWED7AJ5DW086693,Software Engineer I,Poland
259,Launce,Sheahan,58,Male,Land Cruiser,2013,WBANF73566C130809,Safety Technician III,Russia
260,Odetta,Bartoloma,66,Female,Charade,1992,1FTSW3A52AE231969,Help Desk Technician,Ecuador
261,Adi,Siberry,88,Female,911,1988,WA1LGBFE7CD127326,GIS Technical Architect,Uruguay
262,Diena,Curgenuer,57,Female,E-Series,2007,2C4RDGAG3CR954106,Data Coordiator,Indonesia
263,Shelby,Estabrook,85,Female,Town Car,1992,1FTEW1CMXEF466738,Technical Writer,China
264,Garreth,Swinnard,38,Male,Prelude,1994,3D4PG3FGXBT862313,Pharmacist,Greece
265,Frederique,Sorbey,27,Female,Biturbo,1987,WAUSF78E16A208419,Account Coordinator,Kazakhstan
266,Rafa,Vedekhov,18,Female,Continental Flying Spur,2009,JN1CV6FE5FM338471,Director of Sales,Sweden
267,Beryle,Oldroyd,26,Female,Excursion,2001,WBADX1C58CJ011818,Quality Control Specialist,China
268,Dennie,Tuiller,59,Male,Protege,1995,WAULT68E22A431912,Structural Analysis Engineer,Argentina
269,Noll,Easman,81,Male,Metro,1992,WAUEH98E06A291506,Help Desk Technician,Argentina
270,Enos,Czapla,40,Male,Ram 3500,1995,WA1LFAFP5DA605339,Data Coordiator,Vietnam
271,Bronnie,MacIlory,58,Male,Aspen,1976,WBAEV33443K232534,Clinical Specialist,Belize
272,Prisca,Monelli,21,Female,CL-Class,2012,WAUNF78P66A483394,Marketing Manager,Sweden
273,Stacy,Ragsdall,62,Female,Grand Caravan,1995,WAULT68E95A932980,Associate Professor,Japan
274,Gabbie,De Gogay,27,Male,Alcyone SVX,1992,1G6KD57Y38U238325,Staff Scientist,China
275,Ally,Billanie,79,Female,Tucson,2005,WBA4A7C57FG639469,Human Resources Manager,Peru
276,Hillary,Shera,31,Male,Land Cruiser,1994,KNADM5A33F6974490,General Manager,China
277,Waverly,Weblin,72,Male,Montero,2004,1FTEX1CM1BK525272,Chief Design Engineer,Luxembourg
278,Cesare,Oxborough,90,Male,Tahoe,2011,WA1CFBFP0CA975134,Pharmacist,China
279,Arielle,Van Brug,85,Female,Econoline E250,1999,SAJWA2GT1EM080901,Project Manager,China
280,Jori,Androsik,49,Female,Legacy,1995,KNAFT4A24B5497002,Speech Pathologist,Chile
281,Bent,Siaskowski,74,Male,Parisienne,1986,JTDKN3DU2A0181001,Programmer Analyst II,Russia
282,Lynnell,Click,25,Female,Tracker,2004,SCBLC37F95C088894,Staff Accountant II,Brazil
283,Klara,Gosford,72,Female,A8,2008,JN1CV6EK7DM982641,Assistant Media Planner,Czech Republic
284,Valaree,Tarply,49,Female,Precis,1986,1GD12ZCG7BF945020,Office Assistant I,Philippines
285,Ange,Coalbran,21,Male,Optima,2002,WAURFAFR6DA245058,Cost Accountant,Russia
286,Venus,Julian,59,Female,Probe,1995,WBAKF9C51DE134573,Nuclear Power Engineer,Brazil
287,Lelia,Orpwood,48,Female,Corvette,1969,3C63DRBL3CG251633,Tax Accountant,China
288,Martie,Serchwell,41,Male,Eclipse,1989,JA32X2HU2BU004469,Senior Cost Accountant,Vietnam
289,Theobald,Mustin,70,Male,Galant,1999,SCFEBBAC5AG948473,Structural Engineer,Canada
290,Giff,McVeigh,45,Male,Lancer Evolution,2011,1N4AB7AP6EN258056,Account Representative I,Indonesia
291,Raimundo,Cosgrove,35,Male,Express 1500,1996,1NXBU4EE6AZ771139,Human Resources Assistant III,Poland
292,Alexei,Brammer,60,Male,Allroad,2001,3D4PH9FV2AT154344,Health Coach I,China
293,Fanchette,Sandilands,59,Female,Venza,2010,JM1BL1K3XB1378790,Chemical Engineer,Chad
294,Reynolds,Hugonnet,29,Male,Clubman,2008,5NPEB4AC5CH350635,Senior Financial Analyst,Portugal
295,Milo,Fudge,81,Male,62,2010,WUAAU342X8N668346,Operator,France
296,Winny,Kneaphsey,46,Male,Sonata,2007,SCFEBBBCXAG735453,Compensation Analyst,China
297,Marquita,Breston,47,Female,A8,2007,2G4GK5EXXF9541725,VP Marketing,Brazil
298,Halley,Ricoald,83,Female,FJ Cruiser,2008,WBAAV33431E004230,Physical Therapy Assistant,China
299,Melvin,Rimmington,25,Male,Civic,1996,JN8AZ1FY5EW691998,Automation Specialist II,Syria
300,Sherman,Wyse,76,Male,Accord,2009,1G6AB1RX1F0225852,Business Systems Development Analyst,Tajikistan
301,Judas,Caswell,27,Male,Grand Prix,2001,2C3CCAEGXEH493564,Environmental Specialist,United States
302,Ashli,Coatham,77,Female,Impreza,1999,WBAYA6C54FD184609,Teacher,Egypt
303,Artemis,Botger,37,Male,Corsica,1994,WBA3A9C52CF802134,Registered Nurse,China
304,Shaun,Bogges,20,Female,RX-7,1988,3D7TP2HT1AG650770,Quality Engineer,China
305,Nataniel,McCard,57,Male,RAV4,2009,2G4WE537951247476,Engineer IV,Sweden
306,Gerrie,McCreagh,35,Male,Escalade,2010,1GKS1AEC0FR696043,General Manager,Brazil
307,Hollis,Fitkin,68,Male,Continental,2007,WVGEG9BP8CD081578,Accounting Assistant II,China
308,Ariella,Cockerton,29,Female,Fusion,2010,1G6AT5S30E0765543,Associate Professor,Poland
309,Paco,Lorking,72,Male,B-Series,1989,WAUWFAFH7BN478561,Senior Quality Engineer,Portugal
310,Grata,Fowgies,78,Female,Intrigue,2000,WBA6A0C56ED479780,Programmer III,Canada
311,Sybille,Brimble,26,Female,Hombre,2000,WA1LKAFP1AA962718,Developer II,Zambia
312,Vanya,Howson,32,Female,Challenger,1997,1D4PT6GX4AW407140,Human Resources Manager,Chad
313,Lelah,Ousley,73,Female,G,2005,1VWAS7A34FC496103,Marketing Manager,Japan
314,Olive,Byrnes,77,Female,57,2010,WBAWC7C50AP700477,VP Sales,Nigeria
315,Dasi,Spiby,69,Female,Tracker,2001,2HNYD18975H071418,Dental Hygienist,Ukraine
316,Katrinka,Varnham,58,Female,Tribeca,2006,3D73M4CLXAG645241,Quality Control Specialist,Ivory Coast
317,Sully,Otton,27,Male,Outback,2005,1N6AA0CH5DN810779,Professor,Portugal
318,Stephan,Durek,89,Male,GTI,1990,3D73M4CL0BG009042,Occupational Therapist,Russia
319,Nikkie,Lucia,84,Female,Premier,1992,3VWKX7AJ2DM747765,Budget/Accounting Analyst IV,Malaysia
320,Amalee,Shear,82,Female,Tacoma Xtra,2004,3TMJU4GN8DM769737,Recruiter,Mexico
321,Deny,Libbis,60,Female,CX-7,2009,1FTNF2B59AE190097,Project Manager,Indonesia
322,Cullen,Martinson,38,Male,SL-Class,1990,WAUEF78EX8A414726,Dental Hygienist,Ireland
323,Ana,Kirrage,77,Female,911,2008,WAUJC68E73A809831,Administrative Officer,France
324,Aloise,O'Teague,69,Female,CL,2003,3N1AB6AP0AL611764,Quality Engineer,Norway
325,Johnathon,Imloch,23,Male,Ranger,2006,WAUGF98K49A164797,Sales Representative,Austria
326,Perle,Hawkeridge,52,Female,Elan,1993,JM1NC2JF5E0336875,Marketing Assistant,Brazil
327,Barnett,Willoughway,77,Male,SLS AMG,2012,SCBZB25E42C677610,Data Coordiator,China
328,Carri,Shreeves,81,Female,Azure,2008,WBACK73401L274438,Physical Therapy Assistant,Mauritania
329,Pascal,Gilby,51,Male,Sunbird,1985,4T1BF3EK2AU829449,Research Assistant IV,Turkmenistan
330,Beniamino,Swinyard,67,Male,Grand Voyager,1993,5UXFG8C53BL104171,VP Product Management,Hungary
331,Carlo,Dendle,18,Male,LaCrosse,2008,1FTEX1C82AK110107,Business Systems Development Analyst,Indonesia
332,Michail,Tregoning,77,Male,Spectra,2004,1C4RJEAG9EC573949,Civil Engineer,Colombia
333,Rocky,Rois,86,Male,Grand Marquis,1991,JN8AF5MR6DT410092,Accountant III,Philippines
334,Fredelia,Lindup,58,Female,Neon,2004,WAU2GBFC4CN817963,Environmental Specialist,Mauritius
335,Cara,Wolverson,46,Female,Mazda6,2008,1HGCP2F31AA512921,Speech Pathologist,Indonesia
336,Haven,Eatock,63,Male,Thunderbird,1985,1G6AB5RX1F0642783,Electrical Engineer,China
337,Clerissa,Charpling,41,Female,TrailBlazer,2009,2T1KU4EE7CC107839,Senior Cost Accountant,Philippines
338,Wendall,Brockie,57,Male,Econoline E350,1994,1FMJK1F56AE804503,Account Representative I,Russia
339,Marie-jeanne,Jefferies,19,Female,9000,1993,1FTEW1CMXBK768887,Director of Sales,China
340,Kanya,Heart,77,Female,LS Hybrid,2012,3GYFNEE39DS606269,Associate Professor,China
341,Anetta,McGarahan,42,Female,TL,2004,WAUCFAFR6CA663947,Speech Pathologist,Vietnam
342,Baillie,Kienle,29,Male,Sentra,1998,1ZVBP8AM7D5136734,Recruiting Manager,Finland
343,Rees,Boden,35,Male,B-Series,1989,1N4AL2AP2CC923429,Director of Sales,Portugal
344,Tab,Armin,32,Male,QX56,2008,2C4RDGEGXCR378346,Account Executive,Indonesia
345,Rustie,Lomax,28,Male,LS,1992,3VWML7AJ2EM008823,Assistant Manager,Croatia
346,Becky,Oatley,24,Female,Suburban 2500,1995,3D7TT2HT5BG099756,Electrical Engineer,Bangladesh
347,Hoyt,Chark,85,Male,Model T,1909,2C3CDZBT6FH836742,VP Quality Control,Tajikistan
348,Isaiah,Speer,72,Male,Firefly,1986,3VWKP7AJXCM270484,Office Assistant II,Thailand
349,Cassondra,Mines,79,Female,Landaulet,2009,1FADP5AU2FL870986,Financial Advisor,Belgium
350,Vale,Stuckow,72,Female,Altima,1998,SCFAD01AX7G721395,Junior Executive,Philippines
351,Cassy,Fried,58,Female,Firebird,1969,WAULT68E72A252989,Developer I,Colombia
352,Augie,Piet,28,Male,Colorado,2009,WAUJC58E42A656284,Director of Sales,Russia
353,Adriaens,Frostdicke,58,Female,Sonoma,1999,WAUMF78K99N167680,Civil Engineer,China
354,Vittorio,McCusker,57,Male,LX,2010,ML32A3HJ2FH282501,Budget/Accounting Analyst II,Poland
355,Pyotr,Gaudin,61,Male,TT,2011,WDDGF4HB3ER758577,Marketing Manager,Indonesia
356,Rosalyn,Churchard,80,Female,Talon,1996,5UXFG8C51CL132326,Editor,Indonesia
357,Adey,Boath,71,Female,Sierra 1500,2001,WBSWD93508P928364,Accounting Assistant I,Thailand
358,Tallou,Humbert,25,Female,RL,1998,4USCN33402L887951,Health Coach III,Philippines
359,Jules,Paulusch,26,Male,Discovery,1998,1G6DN8EV6A0983549,Safety Technician IV,Peru
360,Allard,Orme,22,Male,MPV,1991,WBAPH7C51BA345779,Environmental Tech,Kenya
361,Adelind,Petch,47,Female,Gallardo,2003,KMHCT4AE8CU777119,Programmer III,Thailand
362,Alanna,McTrustie,28,Female,TL,2009,WA1LKAFP0AA011135,Civil Engineer,Japan
363,Joy,Connar,21,Female,Insight,2011,1FTSW2A51AE926969,Mechanical Systems Engineer,China
364,Ellery,Duff,71,Male,Diamante,1996,JTHBP5C22B5486457,Librarian,China
365,Janet,Argue,66,Female,Cabriolet,2000,WAUSH78E86A012293,Sales Associate,China
366,Trevar,L'Episcopio,54,Male,Eurovan,1999,1GKS1CKJ0FR314625,Assistant Professor,China
367,Justin,Bibey,35,Male,Sportage,2005,WA1C8AFP8EA911995,Marketing Assistant,Russia
368,Tymothy,O'Rodane,20,Male,Mustang,1996,5N1AA0NC6DN962845,Operator,Canada
369,Gilberta,Moverley,45,Female,Impala,2003,SCFEBBAK3EG911743,Human Resources Manager,China
370,Mervin,Hannaway,42,Male,IS-F,2010,JN1CV6FE5EM648666,Mechanical Systems Engineer,South Africa
371,Sayers,Hubbold,32,Male,Silverado 1500,2003,KMHDB8AE5AU505848,Accounting Assistant II,Paraguay
372,Worthington,Pauler,77,Male,IS,2011,2C3CCAPG5DH675118,Speech Pathologist,Czech Republic
373,Roselia,Castellani,84,Female,Bronco II,1988,WDDGF5EB6BR932793,Quality Control Specialist,Mexico
374,Dory,Haggus,28,Male,Avalon,2002,1YVHZ8BH6C5619827,Engineer IV,Russia
375,Laverne,Borthwick,18,Female,LTD Crown Victoria,1986,WAUHF78P08A805883,VP Accounting,Brazil
376,Camila,Stapells,22,Female,V90,1997,1HGCR6F36FA978448,Analyst Programmer,Czech Republic
377,Goddart,Sisselot,26,Male,Sebring,2001,1FTEW1CM4EK476544,Accounting Assistant IV,Russia
378,Domenic,Dekeyser,59,Male,Spectra,2001,19VDE1F38FE927962,Software Consultant,South Africa
379,Trever,Curling,40,Male,MPV,2000,5J8TB4H51GL960484,Librarian,Greece
380,Vachel,Allington,30,Male,Altima,2013,3D4PG9FG6BT735383,Account Coordinator,Ukraine
381,Reinhold,Sweed,80,Male,Brat,1984,1N6AA0EC4EN895701,Accounting Assistant II,Indonesia
382,Cliff,Utterson,23,Male,Yaris,2006,WAUHF78P79A430012,Human Resources Manager,United States
383,Dido,Snasdell,62,Female,Z4,2010,YV1612FS8E1812993,Librarian,Peru
384,Kiel,Cottey,47,Male,Outlander,2008,WAUEF98E38A223211,Media Manager I,Sweden
385,Romeo,Castagne,85,Male,M3,2001,1GYUCCEF1AR234145,Geologist III,Russia
386,Bobinette,Vasyukhin,23,Female,LTD Crown Victoria,1993,3D73Y3CL7BG008730,Data Coordiator,Brazil
387,My,Rittelmeyer,82,Male,S6,2007,1GTG5BE34F1168208,Mechanical Systems Engineer,Uganda
388,Hollis,Whittock,67,Male,200,1990,4T3BA3BB7FU953864,Human Resources Assistant IV,Serbia
389,Matthias,Sigert,27,Male,MPV,1996,WAUEFBFL0DN521632,Help Desk Technician,Portugal
390,Ellissa,Marriner,56,Female,Escort,1987,JH4CL96855C944421,Web Designer I,Honduras
391,Tammy,McAvin,77,Female,Focus,2000,3C6TD5DT1CG809761,Nurse Practicioner,Macedonia
392,Dorelia,Wreak,25,Female,Grand Cherokee,2000,WA1VMAFP5EA995827,Physical Therapy Assistant,China
393,Frasquito,Peck,68,Male,Villager,2001,1G6DK1E32C0107062,Graphic Designer,Colombia
394,Merle,Slate,59,Male,Astro,2004,WBA3T7C54FP940335,Chief Design Engineer,Argentina
395,Gwennie,Feasey,72,Female,Highlander,2011,WAUAH68D51A652550,Assistant Professor,China
396,Derrek,Ruddock,81,Male,Montego,2005,JM1CW2BLXD0173352,Librarian,United States
397,Stephie,Bronger,47,Female,190E,1992,WAUEFAFL1BN481262,Software Consultant,Cameroon
398,Gwen,Koles,59,Female,Thunderbird,1989,JTHDU1EFXC5972915,Research Nurse,East Timor
399,Artur,Holliar,57,Male,F-350 Super Duty,2006,WAULF78K09A235772,Nuclear Power Engineer,Japan
400,Abbey,Manwell,60,Male,98,1996,SALAF2D40AA783532,VP Sales,United States
401,Alexandr,Joncic,21,Male,F250,1999,WAUEH78E07A962923,Human Resources Manager,Thailand
402,Webb,Hattam,49,Male,Bonneville,1964,WAUMFAFL8DN046849,VP Quality Control,China
403,Alissa,Tidder,79,Female,Chevette,1987,JN8AF5MRXDT702358,Assistant Manager,Malta
404,Larry,Bazely,18,Male,Park Avenue,1999,JTHBK1GG3D2149653,Executive Secretary,Azerbaijan
405,Colver,Lilloe,33,Male,Canyon,2009,1D7RE3BK5BS506882,Research Associate,Indonesia
406,Shannon,Koubek,51,Male,Thunderbird,1985,JN1AZ4EH9DM264335,VP Marketing,Japan
407,Dom,Applewhite,63,Male,E-Class,2001,KMHHT6KD7CU471942,Assistant Media Planner,Mongolia
408,Bryce,Oldam,26,Male,3500,1997,1N6AD0CU0DN742203,Administrative Officer,China
409,Adi,Pigram,19,Female,Matrix,2011,1G4HP54K95U512018,Chief Design Engineer,Czech Republic
410,Barnabe,Arntzen,40,Male,Crossfire,2007,JTEBU5JR0F5757611,Marketing Assistant,Indonesia
411,Lane,Lomb,38,Female,Sedona,2010,1G6DZ67A690225824,Teacher,Portugal
412,Vere,Fleming,37,Female,Silverado 3500,2010,5TDBK3EH4CS765717,Senior Financial Analyst,Philippines
413,Colas,Borth,27,Male,B-Series,1990,WAUWMAFC4EN404948,Software Test Engineer I,Canada
414,Claudine,McGeoch,33,Female,Amigo,1992,YV440MDB0F2543430,Senior Developer,France
415,Nita,Siene,32,Female,Allante,1992,SAJWA0FB1BL165087,Automation Specialist II,Japan
416,Felicia,Kraft,24,Female,Miata MX-5,2008,1GD21XEG7FZ518532,Assistant Media Planner,Indonesia
417,Caralie,Lindroos,24,Female,S-Series,2002,1G6DP577070861236,Desktop Support Technician,Brazil
418,Beale,Littleton,44,Male,Miata MX-5,1997,WDDEJ8GB0AA633589,Web Developer IV,Lithuania
419,Amby,Ashworth,19,Male,Rendezvous,2005,5N1BA0NC0FN862425,Chemical Engineer,Estonia
420,Catriona,Ceschi,53,Female,X6 M,2013,JN1BJ0HR8EM114730,Dental Hygienist,Brazil
421,Brigham,Catlow,52,Male,Riviera,1986,1N6AA0EJXFN630135,Legal Assistant,Azerbaijan
422,Muffin,MacRorie,32,Male,Xterra,2001,YV4902DZ7C2898789,Cost Accountant,Portugal
423,Michele,Beckles,75,Male,RSX,2006,1GT022CG0EF674801,Pharmacist,Indonesia
424,Nicolle,Smithend,55,Female,Grand Prix,1976,5FPYK1F54EB614748,Office Assistant III,Brazil
425,Lindsay,Kunert,53,Female,New Yorker,1993,WBA1F5C5XEV896600,Physical Therapy Assistant,Argentina
426,Shea,Moulder,82,Male,Escort,2000,2FMDK3JC8AB391459,Executive Secretary,Indonesia
427,Rochelle,Thurbon,29,Female,Daewoo Magnus,2004,TRUUT28N111436457,Compensation Analyst,China
428,Ginnifer,Johnikin,40,Female,XK Series,1998,3VW8S7AT0FM580514,Recruiter,Kazakhstan
429,Annis,Bouttell,32,Female,XC60,2012,WA1UFAFL5DA519370,Information Systems Manager,Guatemala
430,Nixie,Canaan,68,Female,Intrepid,2003,2C3CDXCT3DH508677,Automation Specialist II,Canada
431,Tucky,Lively,44,Male,Aerostar,1990,3G5DA03E75S497657,Software Engineer I,Brazil
432,Babita,Ivashov,74,Female,Stratus,1997,3C3CFFDR6FT412429,Accounting Assistant IV,Brazil
433,Myer,Burnhard,55,Male,TL,2000,3D73M3HL4AG187800,Assistant Manager,China
434,Bella,Simkovitz,76,Female,V40,2004,SCBLF44J59C242559,Director of Sales,Honduras
435,Urbano,Farrey,41,Male,Town & Country,2002,SAJWA0JH5EM376433,Nurse,Greece
436,Clemente,Clears,49,Male,Sky,2008,1C4RDJEG4DC861547,Software Engineer IV,Sierra Leone
437,Gwenore,Hurring,62,Female,F250,2004,TRUUT28N731700770,Compensation Analyst,Bosnia and Herzegovina
438,Lisa,Keming,22,Female,Malibu,2001,JN1BJ0HR9EM535971,Programmer Analyst I,Thailand
439,Hyacinthie,Pipes,41,Female,Quattroporte,2005,1D7RE2GK7BS783441,Health Coach III,Thailand
440,Dall,Leopard,25,Male,Camry,1997,1G6DS8E35D0783886,Software Test Engineer II,China
441,Pete,Ibotson,38,Male,EX,2009,JN1CV6EL5FM045542,Administrative Assistant II,China
442,Colet,Simo,54,Male,Solara,2005,4JGCB2FEXAA158309,Occupational Therapist,Ukraine
443,Christian,Pickersail,41,Female,Sequoia,2003,WBSWD93589P158917,Sales Representative,Vietnam
444,Tod,Hain,35,Male,Esprit,1992,JH4KB16647C125160,Executive Secretary,China
445,Lammond,Gilbride,61,Male,Avenger,2009,JN8AZ2NC8F9847446,General Manager,Poland
446,Jeni,Cann,22,Female,Truck,1996,JA4AP3AUXCZ209887,Financial Analyst,Russia
447,Myrlene,Kingscote,86,Female,Avalanche,2009,JH4CU2F62CC047508,Account Representative II,China
448,Charyl,Tills,80,Female,Viper RT/10,1994,1FTWX3B50AE765341,Marketing Assistant,Costa Rica
449,Shermy,Van Velden,79,Male,Prelude,2000,WA1YD54B64N034463,Registered Nurse,China
450,Bryce,Hampe,68,Male,Blazer,1998,WBA3F9C50EF112368,VP Product Management,Russia
451,Horatius,Greenhouse,72,Male,Eldorado,2000,TRUWC28N011288374,Data Coordiator,Slovenia
452,Margot,McDyer,66,Female,Pajero,1998,WBA3B9C54EF647411,Junior Executive,Philippines
453,Edvard,Beevor,25,Male,Pilot,2008,KNDPB3ACXE7006907,Actuary,Poland
454,Dewie,McVity,29,Male,Cirrus,1995,2C3CDXGJ5EH495571,Editor,Greece
455,Hilarius,Sedgefield,65,Male,Corvette,2009,1FTWX3A5XAE714060,Senior Editor,Venezuela
456,Yancy,Luetkemeyers,75,Male,Bonneville,1984,KMHHT6KD5DU043711,Senior Sales Associate,Colombia
457,Nowell,McDowall,33,Male,MR2,2001,1D7RE3BK4AS680764,Information Systems Manager,Brazil
458,Gabriella,Goult,65,Female,F450,2009,WA1TFAFL2EA257787,Senior Financial Analyst,Vietnam
459,Alexandros,Lyddon,60,Male,Cougar,1995,KM8JT3AB7BU519874,Associate Professor,Costa Rica
460,Christabel,Halse,81,Female,RX,2008,WAUEH48H98K007042,Speech Pathologist,China
461,Ingelbert,Vamplew,27,Male,Passat,2012,WUARL48H49K382912,Environmental Tech,Tunisia
462,Clevie,Nicholes,33,Male,Cougar,1987,JHMZE2H35DS543341,Compensation Analyst,Indonesia
463,Win,Shannahan,20,Male,New Yorker,1994,VNKJTUD37FA942631,Compensation Analyst,United States
464,Broderick,Chisholm,27,Male,Grand Prix,1965,JM3TB2CA5F0791813,Database Administrator II,China
465,Kennie,Skedgell,51,Male,Continental Mark VII,1989,WA1UFAFL3DA501448,Software Test Engineer I,Kazakhstan
466,Filbert,Ossenna,59,Male,Previa,1997,1GYS3EEJ9CR183617,Budget/Accounting Analyst IV,Peru
467,Rustie,Moulin,76,Male,Tiburon,2006,JN8AE2KP7C9197023,Nurse Practicioner,France
468,Ashely,Minucci,35,Female,S40,2002,WBAPM5C51BA077218,Environmental Tech,Belarus
469,Normand,Bendik,43,Male,CTS,2007,WUADNAFG5AN831174,Speech Pathologist,China
470,Luciano,Wombwell,74,Male,M3,2006,1GYS4CEF3DR841625,General Manager,Indonesia
471,Lucienne,Abisetti,89,Female,RL,2012,WA1VMAFE1FD259191,Human Resources Assistant II,China
472,Pietro,Wymer,31,Male,Rio,2012,JTDKN3DU6A0996706,Registered Nurse,Indonesia
473,Ozzy,Genese,65,Male,Pajero,1986,WAULC58E52A167448,Statistician IV,China
474,Myrtia,Palmar,75,Female,E-Class,1991,3C4PDDDG6FT019892,Statistician I,China
475,Alejoa,Idill,42,Male,R32,2009,19XFB4F34EE628784,Help Desk Operator,Poland
476,Janice,Sandifer,72,Female,1500,2011,WVGAV7AX1CW990504,Staff Accountant II,China
477,Kiley,McDuall,40,Female,Sonoma,2001,1G6AH5S31D0116897,Senior Quality Engineer,Ivory Coast
478,Cordey,Mathwen,81,Female,C30,2012,3N1AB6AP0AL737090,Junior Executive,Azerbaijan
479,Gar,Eginton,61,Male,Avalon,1998,3VW8S7AT7FM301043,VP Accounting,Indonesia
480,Siffre,Sangster,59,Male,GLK-Class,2012,2C3CDXBG6DH531648,Teacher,Portugal
481,Garv,Brizland,32,Male,Firebird,1999,SAJWA4EB0EL672642,Civil Engineer,Czech Republic
482,Perry,Bischoff,80,Female,Century,1998,JTHBE1BL4FA921064,Programmer Analyst II,France
483,Lorenzo,Casiroli,62,Male,RVR,1994,WAUET48H75K121955,Civil Engineer,China
484,Kelley,Saben,64,Male,G,1996,WBAVD335X6K269023,Human Resources Assistant IV,Venezuela
485,Berk,Marmyon,35,Male,V70,2010,1G6DL5E3XD0915391,Quality Control Specialist,China
486,Othelia,Madden,86,Female,850,1997,WVWAB7AJ4CW459080,Environmental Specialist,Mexico
487,Jermain,Jagg,73,Male,Corolla,2004,KMHTC6AD8FU753748,Recruiter,France
488,Druci,Rosle,29,Female,Corsica,1992,5GAKVCKD1EJ352499,Developer I,China
489,Courtnay,Chrstine,89,Female,Impala SS,1994,3VWML7AJ4CM345202,Nurse,Argentina
490,Perry,Niset,77,Female,Tiburon,1997,KMHFC4DDXBA586110,Marketing Assistant,Thailand
491,Noelani,Stanyforth,32,Female,Expedition,2002,WBAGN63434D730370,Technical Writer,Thailand
492,Clerissa,Linsley,65,Female,Rogue,2012,3D73M4HL4AG995747,VP Quality Control,Djibouti
493,Olympe,de Quesne,59,Female,G,2010,JTHBF1D26F5817735,Sales Representative,China
494,Ignace,Heffron,66,Male,Astro,2002,1D4PT6GX3BW415117,Account Representative III,Indonesia
495,Lorinda,Cupitt,79,Female,5 Series,2009,WA1CMAFP0EA010650,VP Quality Control,China
496,Gabie,Dewis,79,Female,3 Series,1992,WAUFGBFC1DN739953,Project Manager,Russia
497,Whitby,Appleton,42,Male,Fleetwood,1954,2G4GT5GX1E9053420,Office Assistant II,Belarus
498,Klara,Braund,80,Female,Yukon Denali,2000,ZHWGU5BZXCL283304,Legal Assistant,Brazil
499,Haslett,Pirazzi,43,Male,Range Rover,2006,WBAAW33491E312094,Staff Scientist,China
500,Suellen,Beningfield,37,Female,Sportvan G10,1993,WBANB33525B335309,Computer Systems Analyst I,Japan
501,Lou,Scare,74,Male,Legacy,1994,1GYS4FEJ4CR578386,Operator,Argentina
502,Wake,Sprigin,29,Male,960,1992,3D4PH6FVXAT788919,Speech Pathologist,China
503,Alon,Keher,66,Male,Sierra 1500,2001,1C3CDFEB0ED693610,Junior Executive,Philippines
504,Gaye,Mellsop,31,Female,Aspen,2009,1ZVBP8JS5C5526874,Senior Developer,China
505,Shepard,Millins,42,Male,Cayman,2006,5N1AA0NC7EN985942,Compensation Analyst,Burkina Faso
506,Luce,Brixham,20,Female,Charger,2010,JH4NA21694T717260,Human Resources Assistant II,Philippines
507,Marshall,Pane,73,Male,F-Series,1995,1N6AD0CW1EN513225,Tax Accountant,Indonesia
508,Stevena,Tisor,60,Female,SLK-Class,2004,3VW4A7AT4CM703230,Social Worker,Indonesia
509,Adara,Larne,53,Female,Summit,1995,TRUUT28N741102700,Environmental Specialist,Albania
510,Mortie,Boyne,30,Male,Impreza,2007,WA1VMBFE2ED360745,Analyst Programmer,Norway
511,Jedd,McIlmorie,68,Male,Tahoe,2013,W04GX5GV4B1337691,Design Engineer,Lithuania
512,Efrem,Garnul,29,Male,2500,1994,WBALL5C54EE712947,Computer Systems Analyst IV,China
513,Aleksandr,Seller,49,Male,V50,2010,1GYS3HKJ4FR234225,Programmer Analyst IV,Sweden
514,Gabie,Pershouse,46,Male,626,1989,1G6AB1RX5F0000009,Cost Accountant,China
515,Daisie,Luis,84,Female,Sable,1994,2C3CDXFG7EH490670,Assistant Professor,Montenegro
516,Reeba,Howels,47,Female,ZDX,2012,WAUKH98E16A003592,Software Consultant,Mexico
517,Connie,Christall,19,Male,F350,2005,YV140MAB8F1494856,Assistant Professor,China
518,Karna,Croxley,20,Female,TrailBlazer,2003,5NPDH4AE0DH792929,Actuary,Indonesia
519,Loren,Whorf,52,Male,Suburban 1500,1996,WBAUN935X9V013902,Civil Engineer,China
520,Tate,Nelthorpe,31,Female,S6,2002,4T1BK3DB6AU247643,Environmental Specialist,Thailand
521,Donnell,Blaschke,58,Male,Breeze,1997,5UXKU6C52F0126018,Accounting Assistant I,Indonesia
522,Risa,Kenan,53,Female,H2,2004,1G6DV8EP8E0955467,Senior Sales Associate,Indonesia
523,Lorie,Bartul,54,Female,XL7,2008,WBA1J7C59FV229612,Geologist IV,Indonesia
524,Oralle,Antcliff,33,Female,Forester,2003,1N4AB7AP7DN941060,Environmental Specialist,China
525,Frieda,Extal,51,Female,F250,1998,WBAKG7C57BE120899,Safety Technician I,Indonesia
526,Cordie,Schnitter,21,Male,Scirocco,1988,WBANB33545B555325,Environmental Specialist,Ukraine
527,Karoly,Sackett,82,Male,Forte,2011,1N6AF0LY7EN788822,Electrical Engineer,France
528,Darrick,Toffano,83,Male,Millenia,2000,WVGAV3AX4DW582301,Marketing Manager,South Africa
529,Marjorie,Whorf,80,Female,E150,2008,3GYFK62898G204386,Marketing Manager,Slovenia
530,Dulcia,Hegg,41,Female,Parisienne,1986,WBANN73526C088870,Administrative Assistant IV,United States
531,Elisa,Flindall,30,Female,FJ Cruiser,2011,WBANB33555B612731,Sales Representative,Russia
532,Jobye,Plampeyn,87,Female,911,1985,1C3CCBCG9EN877609,Research Assistant IV,Costa Rica
533,Cirillo,Easom,66,Male,Jetta,1988,1GKS1AE0XBR129287,Developer I,Brazil
534,Norbie,MacGiolla,67,Male,F150,2002,1G4PT5SV8E4869551,Compensation Analyst,Colombia
535,Conny,McArte,44,Male,Colorado,2005,SCBGT3ZA9DC916055,Teacher,Brazil
536,Constancy,Saunders,65,Female,LTD Crown Victoria,1988,WAUAGAFD7DN529841,Account Coordinator,Brazil
537,Yetty,Mullany,44,Female,57,2006,WBAVA33538F343094,Director of Sales,Indonesia
538,Lars,Soonhouse,77,Male,Explorer,1993,WDBWK5EA8AF642675,Clinical Specialist,Philippines
539,Guy,Geffen,60,Male,Tiburon,1997,2HNYD18441H497856,Administrative Officer,South Korea
540,Orsola,Belfield,49,Female,960,1992,WAUCFAFRXBA194019,Recruiter,Indonesia
541,Maggi,Vannini,50,Female,57S,2005,1FTMF1EW3AF180802,Senior Sales Associate,Poland
542,Bogart,Siehard,61,Male,Tundra,2012,2T2BK1BA7FC527560,Associate Professor,Vietnam
543,Quill,Knibley,38,Male,3 Series,2010,JTDKN3DU5A0037474,VP Accounting,Indonesia
544,Keene,Gentner,50,Male,3 Series,2002,5XYKT3A13BG000869,Environmental Specialist,Philippines
545,Chandler,Pipes,84,Male,XLR-V,2006,SCFFDAAM8EG509677,Senior Sales Associate,Iran
546,Raina,Stanyer,63,Female,S2000,2003,3C6LD5BT8CG502512,Physical Therapy Assistant,Poland
547,Melita,Wight,24,Female,Gran Sport,2006,WBAPM7C5XAE417887,Pharmacist,Indonesia
548,Tricia,Pitrelli,55,Female,CTS-V,2010,3GTXKYEJ9AG158861,Senior Developer,Indonesia
549,Blisse,Stookes,21,Female,Envoy,2002,5FNRL5H29EB835847,Social Worker,Philippines
550,Bord,Lloyds,20,Male,Cayenne,2003,1N6AD0CU3AC752618,Web Developer I,France
551,Oberon,Marzelle,33,Male,Grand Cherokee,2011,WA1AGAFE3CD202251,Human Resources Assistant II,Brazil
552,Pepillo,Von Salzberg,26,Male,ES,1998,1G6DM8E30D0482856,Payment Adjustment Coordinator,Czech Republic
553,Alphard,Woodyear,46,Male,Firebird,1985,1FMJU1F54AE681908,Editor,Japan
554,Shayne,Kantor,51,Female,Countach,1987,4T1BD1FK7FU484936,Director of Sales,China
555,Brenden,Curnow,57,Male,SRX,2010,SALFR2BN4CH990671,Budget/Accounting Analyst I,Marshall Islands
556,Xever,Bantham,34,Male,CR-V,2007,3C3CFFBR5CT726989,Senior Editor,Indonesia
557,Averell,Snugg,80,Male,RX,2013,5UXFB53594L230597,Administrative Officer,Tanzania
558,Bar,Walsom,82,Male,Dakota,2002,WBAEU33482P636408,Assistant Manager,Venezuela
559,Bettina,Garmey,64,Female,Voyager,1993,JM1NC2PF1E0615277,Paralegal,Portugal
560,Neron,Foss,57,Male,Electra,1986,2G4WC552X71607560,Geological Engineer,Poland
561,Hansiain,McCard,88,Male,Pilot,2009,5FRYD3H48EB080011,Automation Specialist I,Russia
562,Pedro,Leythley,41,Male,Caravan,2007,JTEBU5JR7E5407925,Software Test Engineer III,Pakistan
563,Max,McGregor,34,Male,XG350,2004,WDBWK5EA0BF371144,Accounting Assistant III,Mongolia
564,Rivy,Bramo,33,Female,EXP,1985,WA1WMAFE9AD299337,Payment Adjustment Coordinator,Albania
565,Fredrika,Gorman,27,Female,Mighty Max Macro,1993,WA1MYBFE1AD285661,Data Coordiator,Latvia
566,Edee,Fehely,43,Female,Civic,1988,1N6AD0CW6FN596541,Quality Control Specialist,China
567,Klarrisa,Drummer,62,Female,Yukon,2010,W04GW5EV4B1686520,Internal Auditor,Philippines
568,Jodie,Beckers,85,Female,RAV4,2000,1C4PJLAB6FW533876,Budget/Accounting Analyst I,China
569,Aldous,Beckles,37,Male,Mustang,1966,WBAAN37481N729073,Biostatistician I,China
570,Alister,Blaymires,36,Male,Durango,2008,5UXKU6C56F0461301,VP Product Management,Vietnam
571,Bradford,Egdal,19,Male,Silverado 3500,2010,WA1WMAFP3EA797851,Director of Sales,Russia
572,Duffie,Torrisi,49,Male,Starion,1985,JTDKTUD32ED295629,Engineer IV,Bulgaria
573,Emmett,Loukes,86,Male,Cayenne,2011,WAUDC68D11A191360,Senior Quality Engineer,Brazil
574,Tobiah,Bigmore,87,Male,Vigor,1994,WAUAT48H04K684441,Accounting Assistant II,Russia
575,Humfried,Middleweek,80,Male,300C,2005,3VW4A7AT4CM105896,Programmer Analyst III,Ukraine
576,Rosalyn,Fliege,70,Female,C8 Double 12 S,2006,2B3CA5CT1AH184134,Sales Associate,Indonesia
577,Arlinda,Loges,37,Female,S2000,2004,WAUMV44E37N471442,Geologist I,Philippines
578,Omero,Clark,72,Male,Transit Connect,2011,WBAKF9C54DE943937,Recruiter,Greece
579,Bernete,Mycroft,87,Female,i-Series,2007,5UXZV4C56D0143112,VP Sales,Sweden
580,Opal,Barzen,34,Female,GT-R,2009,1C6RD7LP6CS507398,Staff Scientist,Russia
581,Ysabel,Spurr,55,Female,Loyale,1994,4T1BF1FK7EU835501,Chief Design Engineer,China
582,Helge,Roalfe,72,Female,928,1993,WAUJFAFH6BN877455,Speech Pathologist,China
583,Zacharias,Denniss,44,Male,Corolla,1998,1FTDS3EL7AD778786,Nuclear Power Engineer,Mexico
584,Ham,Armistead,58,Male,Excursion,2005,WAUHE78P59A500190,Financial Analyst,Russia
585,Craggy,Yetts,50,Male,Escalade EXT,2002,KMHTC6AD8EU941233,Chemical Engineer,Latvia
586,Erich,Ambrois,50,Male,Viper,1993,WVWAN7AN7DE102025,Senior Editor,China
587,Sigfried,Penley,21,Male,Jetta,1992,KNAGN4AD6F5575026,Senior Quality Engineer,China
588,Omero,Rulten,46,Male,Savana 3500,1998,19UYA42522A971936,Compensation Analyst,Brazil
589,Karney,Colleford,70,Male,V70,2002,3N1CE2CP9FL068282,Information Systems Manager,Malaysia
590,Der,Birdwistle,34,Male,Esprit,1989,JTHDU5EF1C5587900,General Manager,Armenia
591,Caresa,Lampart,37,Female,Suburban 2500,2010,2G4GW5EV1B9246753,Product Engineer,Sweden
592,Florida,Bussey,82,Female,F250,2012,WA1VKAFP0AA243422,Civil Engineer,Malaysia
593,Saba,Willoughey,29,Female,2500,2000,2V4RW3D17AR430454,Assistant Media Planner,Russia
594,Livvy,Rushmare,39,Female,Sable,2003,1G4CW54K534499374,Editor,Indonesia
595,Niki,Stobbes,34,Male,Tribeca,2009,1N6AA0EC4DN956723,VP Marketing,Sweden
596,Gris,Daniely,78,Male,Rodeo,1996,WAULT68EX3A255855,Speech Pathologist,Philippines
597,Roxane,Porcas,87,Female,Town & Country,1995,JM3TB2MA8A0326482,Account Representative II,Indonesia
598,Collette,Caudrelier,21,Female,Frontier,2003,WBASP4C5XAC633900,Chief Design Engineer,France
599,Rafi,Robus,32,Male,Lucerne,2006,WAUVC68E13A039515,Staff Accountant II,Colombia
600,Parry,Rickerd,66,Male,4Runner,1992,WAUGN74F07N540983,Accountant I,Ireland
601,Cyrillus,Jansen,88,Male,Ram Wagon B250,1992,SCFFDABM1DG768671,Help Desk Technician,Japan
602,Livvy,Matieu,35,Female,Caliber,2008,2C4RDGBG2FR293414,Environmental Specialist,Colombia
603,Esdras,Luckie,90,Male,Intrepid,2003,WBAPK5C58AA647008,Marketing Manager,Kenya
604,Devina,Faragan,22,Female,Sonoma,2001,1N6AA0CC2FN805224,Computer Systems Analyst IV,United States
605,Homer,Kemm,54,Male,Rogue,2009,5N1AR1NB2AC113955,Mechanical Systems Engineer,Philippines
606,Kittie,Kimber,45,Female,IS F,2009,WAUKH94F37N876690,Registered Nurse,Philippines
607,Kenna,Shotbolt,60,Female,Outlook,2009,WBSBR93422P556203,Analyst Programmer,China
608,Carson,Francillo,49,Male,Baja,2006,WAUVT58E44A672974,Senior Cost Accountant,United States
609,Julius,Grieger,68,Male,Tiguan,2010,WA1AV94L77D447128,Geological Engineer,Thailand
610,Carolyn,Pretorius,41,Female,Milan,2009,5J8TB4H35DL817256,Account Executive,Ethiopia
611,Delmar,Kliner,64,Male,Legend,1989,1GYS4GEF7DR617541,Speech Pathologist,Egypt
612,Nicolette,Richardin,19,Female,Altima,2000,YV1852AR0A1367127,Structural Engineer,Russia
613,Jaymee,Alfwy,37,Female,3 Series,2006,55SWF4JB7FU149126,Systems Administrator IV,Thailand
614,Marysa,Josuweit,68,Female,Mazda3,2006,5N1BA0ND3FN985645,Compensation Analyst,China
615,Rurik,Coxwell,52,Male,M-Class,2006,WAUKF98EX8A586270,Product Engineer,Indonesia
616,Valle,Lebell,24,Male,LR2,2011,1G6AH5RX0D0556666,Staff Scientist,Philippines
617,Milty,Widdecombe,53,Male,E-Series,1992,WAUDF48H17A089337,Sales Representative,Philippines
618,Ingra,Nock,78,Male,Optima,2012,TRUTC28NX11708659,Marketing Assistant,Brazil
619,Marie,FitzGibbon,56,Female,Quattroporte,2010,1GYEC63N45R974410,Quality Control Specialist,Finland
620,Jard,Crease,36,Male,R-Class,2010,1GKS2FFJ2BR667323,Quality Engineer,Macedonia
621,Marius,Cassely,81,Male,C-Class,1999,3VWJX7AJ1AM995075,Information Systems Manager,Australia
622,Cord,Bodycomb,85,Male,S4,2002,JM1DE1HY6B0141483,Design Engineer,Sweden
623,Manolo,Sancho,77,Male,GT-R,2011,KMHHT6KD7CU503689,Registered Nurse,United Kingdom
624,Berkly,Hawksley,58,Male,5 Series,1997,5UXFH0C55BL054324,Mechanical Systems Engineer,Sweden
625,Findley,Cremer,45,Male,GS,1994,WVWED7AJ2DW392038,VP Accounting,Philippines
626,Cilka,Branwhite,76,Female,Routan,2012,JN1AZ4FH4FM420217,Environmental Tech,Philippines
627,Kailey,Phizackarley,38,Female,QX,2006,2T3BF4DV9BW994795,Chemical Engineer,Poland
628,Robbie,Teodoro,45,Male,CC,2009,WBAKF5C53DJ379312,Graphic Designer,Colombia
629,Vasily,Norheny,28,Male,Regal,1991,1GYS4EEJ7BR025353,Human Resources Assistant III,Argentina
630,Lutero,Negus,47,Male,E-Series,1989,WAULT58E84A042429,VP Marketing,Cameroon
631,Auberon,Bidgod,38,Male,R-Class,2009,1GYS4HEF9ER775239,Data Coordiator,Russia
632,Gerianna,Quincee,73,Female,Outlander,2008,JN8AZ2KR9ET663076,Web Designer III,Indonesia
633,Lanette,Doctor,85,Female,Corvette,1985,5XXGM4A78DG818361,Information Systems Manager,China
634,Harp,Ugolotti,34,Male,Touareg,2006,WAUGN74F89N223083,Staff Scientist,Bosnia and Herzegovina
635,Mack,Ferraresi,87,Male,Astro,2001,WBANB335X4B865753,Mechanical Systems Engineer,France
636,Loreen,Furze,50,Female,B-Series,1988,5N1AA0NC0CN825737,Analog Circuit Design manager,China
637,Rebecka,Ferbrache,80,Female,F350,1997,WAULD64B72N679834,Analog Circuit Design manager,Nigeria
638,Thornie,Liepins,72,Male,Town Car,2002,1VWAH7A38DC467991,Research Associate,China
639,Vittorio,Van der Merwe,82,Male,Passat,2004,1FADP5CU5FL268242,Statistician IV,Pakistan
640,Adams,Buey,22,Male,A8,2009,1G6DP577070981795,Food Chemist,South Korea
641,Yvor,Gingel,82,Male,Escalade EXT,2012,19UUA56712A637848,Civil Engineer,Brazil
642,Jo,Grangier,78,Female,Celica,2003,1D7RB1CT7AS951031,Geologist IV,Mexico
643,Torre,Fillan,35,Male,Focus,2007,1C6RD6LP1CS854454,Design Engineer,Indonesia
644,Phyllida,Sparsholt,87,Female,98,1993,1GD020CG1BF056222,Biostatistician IV,United States
645,Brandice,Iacovo,83,Female,Cabriolet,1998,WA1CGAFPXFA875585,Software Test Engineer III,Indonesia
646,Codi,Duce,78,Male,E250,2010,5J6TF2H57FL796030,Systems Administrator II,China
647,Hayyim,Burstowe,35,Male,Savana 3500,2005,WBAPM775X9N842063,Desktop Support Technician,Peru
648,Janine,Badam,19,Female,LS,2002,1N6AA0CC3DN367312,Electrical Engineer,Turkey
649,Wrennie,Eagland,18,Female,Quest,2006,1FMJK1H50DE895866,Administrative Assistant III,Sweden
650,Yvor,Iorizzi,66,Male,CR-V,2005,YV126MFJ0F1430235,Administrative Officer,China
651,Debra,Itzhaki,48,Female,Q,2006,WBA3F9C5XEK790326,Payment Adjustment Coordinator,Czech Republic
652,Ax,Eliot,50,Male,X5 M,2010,JTEBU4BF8DK888640,Environmental Specialist,Indonesia
653,Sonni,Craghead,75,Female,Vibe,2008,WUADUAFG8AN855598,Tax Accountant,Poland
654,Kelly,McRill,22,Female,500SEL,1993,WAUVVAFR4CA077937,Developer III,France
655,Ibbie,Curgenuer,40,Female,S8,2008,1G6DL1E3XC0421703,Civil Engineer,Netherlands
656,Edita,Yushankin,19,Female,Trans Sport,1997,1GD22ZCG4CZ489790,Research Associate,China
657,Cary,Colquhoun,30,Male,Tiburon,1999,1G6DS5E34C0991948,Cost Accountant,Norway
658,Killy,Ottam,30,Male,Swift,1989,3VWKX8AJ9BM598659,Information Systems Manager,Honduras
659,Sherri,Myner,41,Female,Savana 1500,2007,1N4AB7AP9EN288099,Senior Financial Analyst,Ireland
660,Moll,Aiskrigg,90,Female,Sonoma,2000,WA1WMBFE4CD063302,Structural Analysis Engineer,Armenia
661,Biddie,Upham,82,Female,Miata MX-5,1995,WAUHF98P78A503857,Research Associate,Brazil
662,Babs,Mathew,63,Female,CTS,2006,JTJBC1BA2C2164285,Senior Developer,New Zealand
663,Jorry,Windress,69,Female,Cabriolet,1986,2C3CCAAG2CH289411,Research Assistant III,Philippines
664,Cathrin,Lodin,64,Female,SL65 AMG,2006,1N6AF0KY2FN964694,Desktop Support Technician,Portugal
665,Veriee,Fernyhough,88,Female,Villager,1993,JM3KE2BE4E0007367,Statistician II,Sweden
666,Fowler,Spinks,41,Male,Spectra,2002,WAUKFAFL8DN043621,Legal Assistant,Brazil
667,Baxy,Soldan,70,Male,Express 1500,2006,2T1KU4EE7BC173323,Help Desk Technician,Ukraine
668,Townsend,Grigolashvill,57,Male,Tacoma,2009,1G6DP577470149814,Civil Engineer,Ukraine
669,Zacharia,Kunze,76,Male,Cougar,1997,3GYFK66N75G771370,Recruiter,China
670,Darleen,Brennan,19,Female,Safari,1987,2FMDK4JC4AB571706,GIS Technical Architect,Benin
671,Packston,Bru,84,Male,I,1998,JTDKTUD35ED914773,Human Resources Assistant IV,China
672,Dorris,De Roeck,56,Female,Golf,2004,SALWG2WF5EA036693,Cost Accountant,Brazil
673,Laryssa,Hawick,43,Female,7 Series,2007,WBABS33441J495069,Statistician III,China
674,Opalina,Ouver,26,Female,xD,2009,5N1AA0ND9EN673839,Cost Accountant,Russia
675,Weston,Housbie,55,Male,Montero Sport,1999,WA1DKAFP4BA591463,Administrative Assistant I,Indonesia
676,Esmeralda,Gipp,29,Female,Accent,1995,1N6AD0CUXEN140507,Programmer Analyst I,China
677,Dorrie,McIntosh,47,Female,XG300,2001,5N1AL0MM2DC690746,Account Executive,Brazil
678,Kyle,Beccles,39,Male,Continental Mark VII,1988,1GD021EGXFZ241568,Sales Associate,China
679,Griswold,Shurrock,29,Male,Sunfire,1998,1GTN1TEX5BZ156091,VP Sales,Portugal
680,Nannie,Lindsell,37,Female,Caprice Classic,1996,WA1LGAFE6BD097566,Operator,France
681,Micah,Tribe,65,Male,Legacy,1992,1GYFC13259R572009,Teacher,China
682,Clyde,Yurmanovev,80,Male,Continental,1999,WAUKG94F16N130854,Software Consultant,Hungary
683,Kendrick,Burgot,56,Male,Yukon,2013,WBALM53569E397720,Software Consultant,Peru
684,Suzie,McWhin,28,Female,Savana 3500,1997,WAUSH78E26A118030,Staff Accountant I,Mongolia
685,Sylvester,Deroche,44,Male,S4,2010,1GTC5LF98B8380926,Assistant Professor,Indonesia
686,Reed,Heugel,37,Male,Xterra,2006,5TDDK3DC0FS350753,Clinical Specialist,Indonesia
687,Nero,Nono,76,Male,944,1991,JTHBL5EF8F1451902,Business Systems Development Analyst,Serbia
688,Eunice,Luety,72,Female,DeVille,1995,WBA3A5G55FN780451,Account Representative III,Canada
689,Belva,Athow,32,Female,CL-Class,2006,JM1NC2JF5E0400607,Internal Auditor,Poland
690,Tessy,Conkay,77,Female,CL-Class,2009,WBASP2C55BC615102,Office Assistant I,Philippines
691,Karie,Archibould,32,Female,Verona,2005,WBAVM1C54EV244832,Director of Sales,China
692,Mollee,Krauze,24,Female,525,2006,WBABN33473J151147,Civil Engineer,Czech Republic
693,Jerad,Fipp,77,Male,Savana 1500,1999,2G4GV5GV9C9398281,Help Desk Technician,Indonesia
694,Paulina,Winkle,77,Female,E150,2008,SALAB2V68FA253196,Geological Engineer,United States
695,Genevieve,Sach,58,Female,Quest,2005,WAUJF78K69N383053,Account Executive,Philippines
696,Lorraine,Arnli,57,Female,G-Class,2005,5N1AN0NW7EN098324,VP Accounting,Philippines
697,Sapphire,Ivkovic,77,Female,2500,2011,1FMJU1G57AE764148,General Manager,Czech Republic
698,Violetta,Alderton,40,Female,Silverado 1500,2007,JHMZE2H51AS574678,Design Engineer,Lithuania
699,Marline,Lathey,86,Female,Escalade,2012,WBALX3C54CD217756,Financial Analyst,Afghanistan
700,Onfroi,Firebrace,87,Male,Golf,1996,1GYS4BEF9CR243807,Business Systems Development Analyst,China
701,Gabe,Mattersley,60,Male,7 Series,2010,1GD21ZCG8CZ911515,Business Systems Development Analyst,Brazil
702,Gilli,Lantaph,42,Female,Coupe,2006,WAUUL98E56A486768,GIS Technical Architect,Venezuela
703,Albert,Aizikovich,59,Male,S60,2007,WVWDB7AJ7EW079456,Senior Cost Accountant,China
704,Wildon,Hainey`,52,Male,Grand Vitara,2010,5GADT13S872811055,VP Product Management,Russia
705,Kaylee,Wonter,82,Female,Taurus,2001,WAUMGBFL2AA909974,Tax Accountant,Belarus
706,Cece,Pawelski,27,Male,Avanti,1963,1GD312CG7BF181429,Associate Professor,China
707,Vivian,Rowlett,65,Female,Stratus,1998,5GADX33L45D738082,Community Outreach Specialist,China
708,Tabbitha,Pickett,19,Female,LaCrosse,2007,3C6JD6DK0CG643835,Software Test Engineer IV,Poland
709,Liam,Comfort,59,Male,Sierra 1500,2006,KMHTC6AD7FU358217,Internal Auditor,Czech Republic
710,Daryl,Bracchi,67,Male,Legacy,1993,JH4DC54823S405645,Accounting Assistant II,Mexico
711,Lory,Steptoe,55,Female,Econoline E250,1994,3GYFK66N95G633555,Technical Writer,Bosnia and Herzegovina
712,Mathian,Sallarie,90,Male,Savana 2500,1997,5TFCM5F15AX813325,Junior Executive,Sweden
713,Carmen,Rau,24,Female,Town & Country,1992,5GAKRCKD1FJ218243,Pharmacist,Canada
714,Neron,Robjohns,34,Male,VUE,2008,5GAKVBEDXBJ343494,Administrative Assistant I,China
715,Amelie,Swiffan,66,Female,TSX,2006,SAJWA4DB3DL960297,Administrative Assistant III,Portugal
716,Melisandra,Orfeur,56,Female,Eldorado,1995,1G6DV5EP7B0200269,Pharmacist,Philippines
717,Forrester,Steynor,43,Male,Corvette,2005,1D4PU5GK9BW258463,Nuclear Power Engineer,Indonesia
718,Carma,Vasyushkhin,25,Female,Tracker,1992,WBAVT73507F837557,Software Test Engineer I,Croatia
719,Bonny,Blowes,71,Female,TL,2002,3GYFNGE37DS169724,Associate Professor,Turkmenistan
720,Ailbert,MacGarvey,20,Male,Camry,2007,WAURFAFR6CA062533,Registered Nurse,China
721,Hamilton,Garnall,82,Male,Vitara,2000,WAULC68E22A265391,Developer III,China
722,Johnnie,Tunmore,83,Male,i-370,2008,WDDDJ7CB8AA204079,VP Sales,China
723,Kit,Kirwan,41,Male,M Roadster,2007,1FTMF1CW6AF237349,Environmental Specialist,Brazil
724,Mason,Ruane,48,Male,QX,2011,WBA3G7C58EK471816,Engineer II,France
725,Theodor,Geeson,67,Male,RS4,2008,3C63DPJL3CG328684,Tax Accountant,Chad
726,Matelda,Badsey,64,Female,Brooklands,2009,1GYFK53229R831792,Registered Nurse,Kuwait
727,Tanner,Benkin,88,Male,Vigor,1992,WAUDFBFC4CN607343,Account Executive,Morocco
728,Berkeley,Lindwasser,88,Male,Town Car,2002,3C3CFFER5FT893319,Sales Associate,China
729,Rasla,Done,71,Female,MKT,2011,JHMFA3F25BS882497,VP Accounting,Thailand
730,Rich,Yeld,73,Male,Monterey,2005,SALFR2BN3BH960947,Administrative Assistant III,China
731,Nero,Nottle,58,Male,LS,1990,WAUDFAFL7BN382294,Assistant Media Planner,China
732,Cecil,Bechley,82,Male,Bonneville,1999,1N6AD0CU6FN547757,Developer III,South Africa
733,Vidovic,Mityukov,26,Male,Ranger,2000,1N4AL2AP0AN827400,Research Assistant III,Bosnia and Herzegovina
734,Mathian,Pirouet,89,Male,Land Cruiser,1994,1ZVBP8AMXB5889610,Recruiter,Ivory Coast
735,Niall,Brosenius,86,Male,Gallardo,2010,WBABV13404J684270,Staff Scientist,Mauritius
736,Laurel,Hawton,75,Female,Z3,1996,JN8AS5MT0CW880705,Human Resources Assistant III,Portugal
737,Zacharias,Baline,22,Male,Avalanche 2500,2002,SCBDC47LX9C415776,Structural Engineer,Russia
738,Frieda,Linacre,40,Female,Yaris,2009,JM1NC2PF0E0591876,Geological Engineer,Indonesia
739,Emile,Trasler,48,Male,Tahoe,2004,JN8AS5MT0AW482195,Administrative Officer,Ireland
740,Estelle,Stannett,53,Female,Boxster,2012,3VWML7AJ2DM509175,Software Engineer IV,China
741,Northrop,Bridywater,60,Male,Carrera GT,2005,1N6AF0KX6FN774159,Internal Auditor,Russia
742,Ella,Fri,33,Female,Park Avenue,1995,2G4WC552261051453,Data Coordiator,Laos
743,Sayer,Cupper,85,Male,Maxima,1992,JTHFF2C26E2211487,Information Systems Manager,Russia
744,Belita,Hawkes,77,Female,Prizm,1993,WAUEF98E26A416480,Administrative Officer,China
745,Edwina,Pidcock,75,Female,Sable,1994,19UUA8F56CA688019,VP Product Management,Colombia
746,Chad,Ripper,78,Female,Suburban 1500,2011,SCFAB02EX9G831812,Automation Specialist III,Russia
747,Fin,Clink,37,Male,RX-7,1990,WAUHF78P28A000970,Automation Specialist III,Ireland
748,Ugo,Dewett,66,Male,Quantum,1984,2T1BURHE3EC963361,VP Accounting,Indonesia
749,Fred,Grissett,46,Female,G-Class,2003,2FMPK3K93FB122504,Automation Specialist IV,China
750,Morissa,Jossum,19,Female,F350,1995,3VWAL7AJ5AM956839,Product Engineer,Philippines
751,Denys,Fleg,18,Male,E250,2012,1C4PJLAK2CW448772,Technical Writer,Australia
752,Rickard,Johns,54,Male,Civic,2005,JA32U2FU0FU202307,Quality Engineer,China
753,Reggis,Buckwell,23,Male,Escalade,2011,2HNYD18636H754000,Budget/Accounting Analyst I,Brazil
754,Thor,Benza,61,Male,Alcyone SVX,1995,1G6DG577980348570,Assistant Media Planner,China
755,Shaine,Pinwell,18,Female,Legacy,1989,WA1DKAFP9BA755130,Chemical Engineer,Brazil
756,Nickie,Olive,56,Male,Silverado 2500,2007,5N1AR1NB6AC859180,Assistant Media Planner,Indonesia
757,Mauricio,Abramsky,25,Male,rio,2001,WBANE73567C887858,Statistician I,Indonesia
758,Brion,Boustred,89,Male,CLS-Class,2009,WVWAA7AJ8BW563427,Sales Representative,China
759,Stephie,Bennallck,64,Female,Canyon,2012,1B3CB3HA4BD360312,Budget/Accounting Analyst I,Malaysia
760,Colin,Wilcocke,72,Male,Savana 2500,2002,WBAEP33475P649744,Research Associate,Qatar
761,Quintin,Byer,37,Male,Navajo,1994,1C4RDJDG2FC740309,Accounting Assistant IV,Mauritius
762,Adore,Hugin,37,Female,Sebring,2004,WAUVFAFR2AA106796,Community Outreach Specialist,Portugal
763,Julietta,MacEntee,43,Female,LeSabre,1995,3D73Y3HL9AG240060,Environmental Specialist,Russia
764,Pepi,O'Mohun,49,Female,Grand Am,1993,1FTEW1CW6AF559171,Recruiting Manager,Wallis and Futuna
765,Jermaine,Manlow,58,Female,S-Class,1986,1G6DA5EG8A0904068,Director of Sales,Kazakhstan
766,Mitchael,Petrulis,52,Male,Rocky,1992,3GYFNGE34DS329557,Product Engineer,Greece
767,Sergeant,Dyton,38,Male,Matrix,2005,WAUFGBFB1AN177037,Payment Adjustment Coordinator,Hong Kong
768,Llewellyn,Skydall,59,Male,MKX,2008,4F2CY0C79BK268650,VP Accounting,Cyprus
769,Lanny,Carpe,60,Male,Outlander Sport,2012,YV140MAK0F1452844,Engineer I,China
770,Sloan,Morin,71,Male,Stratus,1997,1C3BC6EV4AN744524,Research Associate,France
771,Adelle,Doole,54,Female,9-5,2000,1G6AL5SX4E0914619,Food Chemist,El Salvador
772,Tanitansy,Legrice,24,Female,E-Class,2001,3VWJX7AJXAM381030,Office Assistant III,China
773,Sly,Cheeke,28,Male,Colt,1989,1GYS4PKJ3FR571024,Project Manager,Russia
774,Jobyna,Paur,78,Female,Murcilago,2006,WBAPM5G59BN301483,Financial Advisor,Indonesia
775,Rodney,Standrin,89,Male,Accord,1984,WBANV93569C132420,Senior Sales Associate,United States
776,Missie,Biasioni,39,Female,GLC,1984,1FMJK1HTXFE730649,Senior Financial Analyst,Philippines
777,Myriam,Maddicks,57,Female,Sentra,1996,WBA3V7C58EJ617109,Executive Secretary,Indonesia
778,Clair,Mc Cahey,69,Female,Grand Prix,1979,1GYS3FEJ9CR584266,Nurse Practicioner,Philippines
779,Skipton,Holworth,25,Male,E-Series,1995,1GYFC262X9R645442,Accountant III,China
780,Ambros,Bullivent,86,Male,Eclipse,1993,WDBSK7AAXBF064564,Assistant Manager,China
781,Dayle,Parnall,73,Female,C70,2001,SCFFBCCD0BG480069,Editor,Brazil
782,Layla,Caseri,46,Female,LeSabre,1987,WAUML64BX2N847585,Web Designer II,China
783,Fiann,Spini,27,Female,100,1993,1GYEC63877R790320,Geologist III,Guatemala
784,Tymothy,Humm,22,Male,Bonneville,2003,1FTMF1EW2AF192732,Internal Auditor,Vietnam
785,Mariya,Dorton,40,Female,Savana 3500,1998,JN8AE2KP4F9522490,Senior Cost Accountant,China
786,Bentley,Drinkhall,54,Male,7 Series,1995,JN1CV6EK4CM317078,Safety Technician I,Philippines
787,Maisey,Hannigan,43,Female,V8 Vantage S,2011,WAUXU54B53N226809,Director of Sales,United States
788,Franklyn,Glenn,55,Male,Range Rover,2009,1G6DB1ED3B0033688,Senior Editor,South Africa
789,Pierrette,Rome,53,Female,XF,2012,WDDGF4HB7DR065106,Payment Adjustment Coordinator,United States
790,Edithe,Creelman,78,Female,TL,2000,WAUBNBFB2BN893189,Health Coach I,China
791,Elvina,Hanes,75,Female,Rally Wagon 3500,1994,2HNYD18411H185753,Senior Quality Engineer,United States
792,Neill,Gimenez,38,Male,FJ Cruiser,2007,1GYS3EEJ8DR145667,Environmental Specialist,Poland
793,Jared,Discombe,31,Male,Ram Van 3500,1995,JM1BL1H39A1133114,Senior Editor,Ukraine
794,Dean,Morrant,33,Male,Sierra 2500,2002,3N1AB6AP1BL313225,Administrative Officer,Uzbekistan
795,Barnebas,Scranedge,69,Male,Discovery,2008,1G6KD57Y11U317529,Quality Control Specialist,Brazil
796,Nedda,Brunsden,50,Female,Millenia,1996,JH4KC1F32EC575549,Staff Scientist,Ukraine
797,Martyn,Yesipov,68,Male,Vision,1995,WAUDFAFL0DA166782,Staff Scientist,Russia
798,Conrado,Wotton,83,Male,Xterra,2007,WAUXL68E24A255643,Design Engineer,Ukraine
799,Maddalena,Gagie,89,Female,Odyssey,2010,KNADH4A36B6412513,Tax Accountant,Dominican Republic
800,Jeffy,McGettigan,63,Male,Phantom,2010,3FADP0L3XAR984624,Account Coordinator,Indonesia
801,Alain,Isham,70,Male,Explorer Sport Trac,2009,JHMGE8G25AS562387,Engineer II,China
802,Deerdre,Stormonth,82,Female,Electra,1985,1FTEW1CW8AK589151,Human Resources Assistant II,Chile
803,Sanson,Booth,31,Male,Camaro,1993,SAJWA4FB3EL532731,Desktop Support Technician,China
804,Nana,Myles,76,Female,Oasis,1999,2HNYD2H20AH336697,Financial Advisor,Brazil
805,Ruthanne,Pyper,38,Female,Sebring,1999,1GD020CG2DZ613382,Financial Advisor,Indonesia
806,Tamqrah,Cottrell,76,Female,i-Series,2008,WAUSFAFL1AA207956,Senior Sales Associate,Portugal
807,Amalie,Gatch,87,Female,3 Series,2011,1GD311CG9FF671712,Human Resources Assistant II,Indonesia
808,Jinny,Pareman,35,Female,Sunfire,2002,JH4KB165X7C055686,Information Systems Manager,China
809,Cale,Selbie,88,Male,Stealth,1996,1GTG5BE36F1839393,Tax Accountant,Portugal
810,Krysta,MacKaig,73,Female,Galant,1995,W04GY5GV4B1247308,Clinical Specialist,China
811,Ingar,Rawcliff,67,Male,Legend,1995,1G6DJ8EY7B0745314,Budget/Accounting Analyst II,Ghana
812,Harlen,Riseborough,69,Male,Impala,1995,5UXZW0C59C0169207,Statistician I,Morocco
813,Kevan,Iacomini,31,Male,Ram Van 1500,1995,1G4CW54K614431498,Product Engineer,Russia
814,Henrieta,MacKall,64,Female,Ram,2010,WAUHFAFL0BN583987,Data Coordiator,Russia
815,Kaja,Crozier,49,Female,Sparrow,1999,2HNYD18825H358110,VP Sales,United States
816,Nicol,Swaton,41,Male,Villager,1995,JN1AZ4EH4FM255433,Business Systems Development Analyst,Indonesia
817,Roxana,Arnald,31,Female,Ram,2007,5N1AN0NW7FN773865,Desktop Support Technician,France
818,Gawain,Berriman,88,Male,GS,2010,YV1902MC0F1281155,Physical Therapy Assistant,Indonesia
819,Ilario,Brickstock,83,Male,T100,1994,2C3CA5CV8AH555116,Senior Developer,Panama
820,Arvin,Spellecy,36,Male,Yukon,2008,1GYS3KEF7CR647241,Senior Quality Engineer,Vietnam
821,Seth,Glendzer,38,Male,98,1995,WBA5M6C59ED958393,Assistant Professor,China
822,Carma,Holme,35,Female,Taurus X,2008,WDDEJ7EBXCA100942,VP Sales,Finland
823,Neville,Christofor,24,Male,Envoy,2002,YV1612FHXD2596321,Budget/Accounting Analyst III,Thailand
824,Sigismundo,Gheraldi,23,Male,Grand Vitara,2004,SALCP2BG8FH135535,Senior Financial Analyst,United States
825,Ambrosio,Southouse,35,Male,Continental Flying Spur,2012,19UUA8F25EA339605,Mechanical Systems Engineer,Madagascar
826,Harris,Plewright,25,Male,Tundra,2010,1G6KF54923U191062,Assistant Manager,Portugal
827,Othello,Tertre,36,Male,Z3,1996,WAUBF78E76A535326,Tax Accountant,Indonesia
828,Audie,Ponsford,71,Female,Xterra,2008,SCFPDCGP1EG936801,Account Coordinator,Brazil
829,Stanly,Hodcroft,29,Male,Cayenne,2003,1G6KS54Y71U846686,Help Desk Operator,Indonesia
830,Mano,Scramage,78,Male,MR2,1985,WAUFFAFM4BA468154,Financial Analyst,Portugal
831,Philomena,Markus,25,Female,Tracker,2002,1NXBE4EE9AZ860684,Recruiter,Bosnia and Herzegovina
832,Maurice,Stocker,23,Male,Corvette,1965,1G6DT57V590536661,Civil Engineer,Indonesia
833,Royall,Hallock,43,Male,Grand Vitara,2005,2G61P5S37E9780034,Speech Pathologist,Brazil
834,Carey,Warrillow,38,Male,Escape,2009,JN8AZ1MU2CW439722,Accountant I,Indonesia
835,Harmon,Waud,45,Male,Viper,2009,19XFB2F53DE534741,Business Systems Development Analyst,Bosnia and Herzegovina
836,Harman,De Lacey,28,Male,300SE,1993,2C3CDXDT2EH877210,Research Associate,Indonesia
837,Romola,Burburough,27,Female,GX,2003,WBABW33426P992128,Media Manager II,Japan
838,Tailor,Tuffrey,79,Male,300SD,1993,WAUFEBFM0BA794235,Media Manager I,China
839,Shepard,Grumell,40,Male,Rally Wagon 3500,1994,1G6DK67V680227823,Environmental Tech,Tunisia
840,Garvy,Gutsell,44,Male,Altima,1993,WBAPL5C56BA248175,Analog Circuit Design manager,United States
841,Glenine,Tchaikovsky,32,Female,Freelander,2001,3C4PDDEG9FT031811,Software Engineer II,Russia
842,Sigismondo,Pawels,59,Male,Land Cruiser,2002,3VW1K7AJ9BM626027,Senior Financial Analyst,Poland
843,Anderea,Gittose,62,Female,Galaxie,1966,WAUGU54D61N964973,Account Representative I,China
844,Shamus,Sigsworth,77,Male,Galant,2007,1GD010CG9BF788679,Engineer II,Poland
845,Carleton,Hingeley,63,Male,Tahoe,1998,WAU4FAFL8BA926079,Account Coordinator,Indonesia
846,Audra,Aronson,36,Female,5 Series,2008,JN8AZ1MU2DW910737,Safety Technician III,Portugal
847,Kizzee,Roels,89,Female,Sequoia,2002,WBAGN83463D569281,Financial Advisor,Philippines
848,Christean,Blakemore,63,Female,Trooper,1999,2C4RDGDGXCR318536,Research Associate,China
849,Hale,Posten,38,Male,XJ,2008,WBAVB335X6K023675,Food Chemist,Greece
850,Kylynn,Leyninye,27,Female,Passat,1992,3MZBM1K71FM606777,Assistant Manager,Philippines
851,Ely,Dowker,35,Male,Eclipse,2003,WAUFFBFL1CA753649,Research Assistant II,Indonesia
852,Brien,Busfield,33,Male,NV2500,2012,WAUGL68EX5A157963,Environmental Specialist,Poland
853,Bonnibelle,Buglass,64,Female,PT Cruiser,2001,1FTWW3A54AE696352,Analog Circuit Design manager,Russia
854,Buckie,Tonkes,57,Male,A4,2001,WBSWL9C59AP124461,VP Quality Control,Philippines
855,Alyosha,Staines,20,Male,M3,2002,5XYKT3A12DG142181,Research Nurse,Japan
856,Renaldo,Oakeby,36,Male,IS F,2011,WAUGL78E08A098075,Geological Engineer,Brazil
857,Nettle,Dargan,73,Female,Lancer Evolution,2011,5NPEB4AC6CH254349,Statistician I,China
858,Kin,Alexsandrev,50,Male,4Runner,1998,1GYS4HEFXER802433,Human Resources Manager,China
859,Nils,Furlong,68,Male,Eldorado,2002,SAJWA6E73E8903317,Occupational Therapist,China
860,Rina,Vescovini,38,Female,C30,2008,JN8AF5MR5ET889140,Programmer II,China
861,Roland,Benoi,58,Male,G,2011,WAUJT64B52N417076,Teacher,Japan
862,Clem,Moyne,48,Male,CR-Z,2012,5FRYD4H27EB671435,Assistant Manager,China
863,Austina,Henric,32,Female,Safari,1986,1C6RD6NT3CS835088,Staff Scientist,China
864,Merv,Duffil,41,Male,Sentra,2001,5XYZG3AB6BG590416,Legal Assistant,China
865,Robers,Sporrij,38,Male,Spectra,2000,3FAHP0GA7AR390471,Research Nurse,Indonesia
866,Kimball,Swannell,69,Male,Supra,1992,JA32X2HU1BU226386,Compensation Analyst,China
867,Gene,Bariball,87,Female,C-Class,2009,3C6TD4HT4CG617738,Administrative Officer,Russia
868,Thea,Kovnot,43,Female,H3T,2009,1FTSW2A5XAE558064,Geologist II,China
869,Stephana,Bygraves,25,Female,Lynx,1984,WAUHFAFL0BN561102,Software Consultant,Ukraine
870,Hailey,Olivie,82,Male,SJ,1986,WDDNG7DB6DA647420,Geological Engineer,Latvia
871,Gordie,Elloit,19,Male,Fit,2008,YV4952CY8E1004124,Information Systems Manager,Greece
872,Kaila,Butting,57,Female,ES,2011,WBA3D3C50EF055379,VP Accounting,China
873,Rollins,Snalum,33,Male,Galant,1985,3C3CFFAR3ET443320,Recruiter,China
874,Clemmy,Vincent,30,Male,500SEL,1992,1D7RB1GTXBS486501,VP Accounting,Indonesia
875,Ynez,Cowley,31,Female,Maxima,2010,SCFFDABM1EG390708,Social Worker,Indonesia
876,Debera,Merrydew,75,Female,Silverado 1500,2011,2FMDK3AK3EB307822,Teacher,Philippines
877,Anett,Balston,78,Female,Bronco,1987,WAUMGBFL2BA211298,Senior Financial Analyst,Indonesia
878,Sutherland,Kindred,38,Male,H3,2008,1G4HD5EM4AU443287,Research Nurse,France
879,Nehemiah,Methven,42,Male,CT,2012,1FTEW1CF8FF050982,Staff Scientist,Peru
880,Cathrin,Gyver,38,Female,FCX Clarity,2012,1G6DF5EY5B0480618,Environmental Tech,France
881,Todd,Vedstra,43,Male,Accent,2002,1GYS4HEFXCR573880,Registered Nurse,Madagascar
882,Fernandina,Hacquoil,45,Female,Dakota Club,1999,1G6YV36AX75722047,Teacher,Russia
883,Sheelagh,Pirie,56,Female,V70,2006,2T1BURHE3FC485993,Quality Control Specialist,Ukraine
884,Lucita,Cubbini,18,Female,Touareg,2011,2C3CA6CT8BH772669,Systems Administrator IV,Russia
885,Darrel,Palin,23,Male,SX4,2010,JH4DC53895S239175,VP Quality Control,Venezuela
886,Frasquito,Side,73,Male,Thunderbird,1995,WAULT68E02A902438,Clinical Specialist,Brazil
887,Nanice,Roggero,43,Female,Quest,1997,3GYFK66N16G925069,VP Marketing,Canada
888,Cristal,Lydiate,42,Female,VehiCROSS,2001,WAUUL98EX7A582834,Software Engineer II,Ukraine
889,Clim,Sprionghall,68,Male,Armada,2006,3C4PDDEG6DT949206,Programmer Analyst IV,Sweden
890,Arabelle,Jefferys,29,Female,RAV4,2010,5TDBK3EH7BS998540,Automation Specialist I,Indonesia
891,Evaleen,Tasker,52,Female,Jetta,1990,JN1CV6EK6DM982548,Dental Hygienist,Estonia
892,Randie,Itzcovichch,40,Male,F250,2004,4A4AP3AU6FE039151,Teacher,Botswana
893,Bogart,Garms,57,Male,Swift,1990,JHMZE2H33ES844918,Legal Assistant,China
894,Ignatius,Solway,52,Male,G,2005,1GD311CG5FF812615,Research Assistant II,Portugal
895,Cletis,Damp,29,Male,Ram 3500,1996,WBA3R5C51EK695928,Pharmacist,Yemen
896,Rosalinde,Boodle,75,Female,Villager,1998,SALAG2D46BA213291,Sales Associate,Indonesia
897,Henriette,Borrel,90,Female,Tribute,2006,1G6AJ5S39F0807330,Software Consultant,Slovenia
898,Jo-ann,Rylands,20,Female,Corvette,1969,WAUSFBFL6AA184258,Programmer III,China
899,Nilson,Selcraig,42,Male,Stealth,1992,JH4DC43541S275673,Technical Writer,China
900,Martina,Morford,39,Female,Aura,2007,1G6DM5EY6B0504608,Software Consultant,Portugal
901,Noelyn,Pottberry,82,Female,V8 Vantage S,2011,WBAVM1C53DV702830,Software Consultant,Nicaragua
902,Roddie,Moehler,78,Male,MKZ,2011,WAUPN44E57N003404,Editor,Croatia
903,Danie,Koubu,52,Male,CR-V,2011,SCFFBCCD5AG394562,Assistant Professor,Belgium
904,Marta,Gates,32,Female,Skylark,1992,5J8TB3H34EL568640,Environmental Tech,Ukraine
905,Say,Springtorp,67,Male,Space,1984,JH4KB16537C364206,Structural Engineer,France
906,Lacy,Woodruffe,31,Female,B-Series,1992,JTHFF2C26E2822376,Human Resources Manager,Poland
907,Izabel,Tunnicliffe,87,Female,R32,2008,JTHBB1BA0A2566663,VP Marketing,Greece
908,Joceline,Mohring,28,Female,Cooper,2009,JTHBE5C20C5033994,Senior Quality Engineer,Philippines
909,Babbie,Poli,65,Female,Sportage,1997,3G5DB03E32S468133,Mechanical Systems Engineer,China
910,Margette,Sallings,79,Female,Corrado,1990,WAUGL68E35A538232,VP Marketing,Armenia
911,Arnold,Leele,71,Male,Daytona,1992,WBAFU9C55BC862901,Director of Sales,China
912,Lorianne,Newiss,23,Female,Titan,2011,WBAHN83538D267774,Environmental Specialist,Russia
913,Julietta,Cellone,75,Female,XK Series,2005,WAUEF98E98A127728,Analog Circuit Design manager,Indonesia
914,Lou,Boynton,77,Female,Savana 2500,2011,JH4CU2F84DC140517,Research Assistant I,China
915,Maritsa,Jealous,70,Female,Viper,2004,1G6KD57Y49U290385,Account Representative I,Morocco
916,Zea,Trelease,45,Female,Legacy,1997,WUARL48H56K829775,Occupational Therapist,Philippines
917,Ketti,Diprose,19,Female,Mustang,1989,SCFFDCBD2CG652535,Database Administrator II,Colombia
918,Adlai,Cawsby,24,Male,Amanti,2009,WBADX1C51CJ828435,Accountant II,Russia
919,Ozzie,Lincoln,60,Male,1500 Club Coupe,1992,3GYFNGE31ES542807,Chemical Engineer,Vietnam
920,Lorinda,Bending,74,Female,GTO,1993,WAUDH48H39K429630,Operator,China
921,Camellia,Leverett,39,Female,Jetta,1993,KMHGH4JF6BU503329,VP Quality Control,Croatia
922,Shirl,Belham,43,Female,LS,1995,1G6DE5E52D0561166,Financial Analyst,Poland
923,Torie,Laherty,62,Female,B-Series,1997,5XYZG3AB8BG804001,Librarian,Egypt
924,Sergent,Felix,29,Male,Ram 2500,2005,WAUDFAFL4CN376485,Community Outreach Specialist,Uzbekistan
925,Catharine,Dmitrovic,64,Female,Jetta,2003,1FMNE1BWXAD926620,Dental Hygienist,Mongolia
926,Janean,Di Filippo,18,Female,Ram Van 3500,1999,WAU4FAFR7AA759474,Financial Advisor,Finland
927,Robby,Caras,38,Female,Tiburon,1998,WBA1J7C57EV431346,Research Assistant III,Greece
928,George,Sauter,87,Male,Grand Prix,1979,1D7RE3BK4BS232641,Teacher,Poland
929,Colline,Webben,90,Female,Optima,2006,1N6AA0EC2FN660988,Automation Specialist I,Indonesia
930,Ezra,Eubank,42,Male,Miata MX-5,2007,WAUVFAFR1AA241073,Statistician IV,Thailand
931,Madison,Tabert,75,Male,Maxima,2012,WDDHF8JB1DA068796,Automation Specialist III,Russia
932,Dorise,Rubra,90,Female,164,1993,WDBWK5JA7BF682348,Civil Engineer,Indonesia
933,Leon,Capron,61,Male,Prelude,1986,5N1AN0NUXEN671716,Actuary,Oman
934,Wilmer,Needs,86,Male,E350,2011,3C6TD5PT0CG992873,Geological Engineer,China
935,Jewelle,Whitloe,23,Female,LS,1996,1G6KE57Y25U173217,Help Desk Operator,France
936,Dorene,Janoch,62,Female,Intrepid,1994,3VWJX7AJ4AM188324,Systems Administrator IV,Finland
937,Willard,Armor,74,Male,Aviator,2004,JM1BL1L3XC1832858,Developer I,Nigeria
938,Hailee,Birnie,36,Female,Fiero,1984,5LMJJ2H5XBE538636,Senior Cost Accountant,South Africa
939,Gage,Truin,63,Male,Durango,1999,WA1VMBFE1AD755865,Quality Control Specialist,China
940,Winnah,Laytham,48,Female,Econoline E350,1995,WBA3N5C5XEK479135,Graphic Designer,France
941,Francklin,Maffini,29,Male,Samurai,1993,WBA6A0C56ED889334,Senior Quality Engineer,Sweden
942,Michelina,Rookledge,61,Female,SC,2003,YV1902FH1D1779922,Assistant Media Planner,Chile
943,Gwyn,Thomassen,60,Female,MKT,2010,5UXFA13564L223523,Assistant Professor,Vanuatu
944,Roscoe,Cubin,19,Male,B-Series,1995,1C3ADEAZ6DV174431,Assistant Professor,Mongolia
945,Lisha,Anfusso,69,Female,PT Cruiser,2001,SCFEBBELXDG591399,Administrative Officer,Norway
946,Oswell,Shanley,31,Male,F250,2000,SALAC2D49AA029781,Web Designer II,Russia
947,Vail,Carsey,51,Male,Parisienne,1985,WBAPK53539A064812,Internal Auditor,Finland
948,Shannan,Bayley,40,Male,Grand Voyager,1996,YV4902DZ3D2194252,Marketing Manager,China
949,Charmion,Scanlan,52,Female,Sienna,2007,SCFBF04B18G737442,Software Consultant,Japan
950,Ryan,Erskine,62,Male,Ramcharger,1992,5UXFA93566L525640,Developer II,Philippines
951,Pierson,Kobisch,19,Male,Prius,2002,WAUKH78E18A325835,Database Administrator II,Philippines
952,Gabbi,Spikins,42,Female,Express 1500,2001,ZHWGU5BZ4CL264716,Product Engineer,China
953,Whitaker,Dillaway,35,Male,G-Series 3500,1997,JTDKN3DU3B0394511,Recruiter,South Korea
954,Dean,Bavidge,37,Male,S70,1999,1C3CCBAB2CN142958,Research Associate,Indonesia
955,Shea,Harrisson,23,Female,F150,1999,WUARL48H45K054545,VP Sales,Indonesia
956,Sharron,Blais,88,Female,4Runner,1992,JN8AZ1MU7CW395541,Accountant III,Colombia
957,Millard,Pina,32,Male,Altima,1993,5TFAW5F12FX908627,Analog Circuit Design manager,South Korea
958,Phip,Avann,76,Male,3 Series,2012,WAUGL68E25A663772,Director of Sales,Sweden
959,Caprice,Redford,39,Female,3 Series,2004,4JGCB2FE2AA279741,Senior Financial Analyst,China
960,Tabby,Peagram,72,Male,Camaro,1976,WAUBH74FX8N909108,Programmer I,United States
961,Hayward,Panchen,60,Male,Rondo,2007,1GYFC53229R462218,Help Desk Operator,Indonesia
962,Chelsea,Abrahams,42,Female,CX-9,2008,WAUNE78PX8A490449,Health Coach II,Albania
963,Raine,Hof,19,Female,Ram 2500,2008,1GYUKJEF6AR896889,Design Engineer,Japan
964,Tersina,Kime,85,Female,Esprit,1997,WAUR2AFD2EN479689,Sales Associate,Poland
965,Hartwell,Blackaller,63,Male,Z4 M,2008,WBANA53575C943514,Recruiter,China
966,Deedee,Denniston,61,Female,RX-7,1985,1FT7W2A62EE499239,Analyst Programmer,Russia
967,Dewitt,Diaper,27,Male,Quest,2000,1FTKR1AD0AP037139,Systems Administrator III,Brazil
968,Blanca,Yukhnev,39,Female,2e,2009,TRUSX28N621302833,Compensation Analyst,United States
969,Merna,Charpin,25,Female,W201,1984,2C3CA4CD7AH563127,VP Marketing,Indonesia
970,Luigi,Sambell,47,Male,1 Series,2008,KNDPB3AC3F7523077,Software Engineer I,Namibia
971,Hildegarde,Knoble,61,Female,RAV4,2010,5BZAF0AAXEN107450,Marketing Assistant,Argentina
972,Ondrea,Melrose,61,Female,Econoline E150,1996,JN8AF5MR1FT770809,Marketing Assistant,Sierra Leone
973,Josiah,Giamelli,25,Male,SL-Class,2004,JN1AZ4EH1BM110473,Project Manager,Indonesia
974,Elisabet,Benaine,75,Female,Swift,1995,1N6AF0LX7EN576641,Programmer IV,China
975,Elston,Jewson,24,Male,Eos,2011,WBAPH7C59AA752313,Assistant Media Planner,Venezuela
976,Perle,Logue,81,Female,Santa Fe,2004,5TDBY5G11FS519691,Recruiting Manager,Germany
977,Ellyn,Larter,54,Female,S-Class,1994,1G6AC1RX7F0973230,Executive Secretary,Italy
978,Christopher,Coneron,82,Male,E-Class,1989,WAUEFAFL3EN414652,Quality Engineer,Bolivia
979,Darya,Docwra,39,Female,Camry Hybrid,2009,1G6DH8E38E0946353,Software Consultant,Russia
980,Bradley,Trevain,44,Male,Sierra 2500,2005,WAUSF98E57A458761,VP Sales,Czech Republic
981,Gustavo,Crowth,75,Male,Terraza,2007,WBAFR7C5XDD302780,Database Administrator III,Mexico
982,Kipp,Witt,48,Male,XC70,2012,WAUCVAFR2AA975862,Research Assistant I,Brazil
983,Noah,Giraldon,35,Male,S8,2009,JTJHY7AXXB4816920,Health Coach IV,Japan
984,Fernanda,Ashby,41,Female,RAV4,2001,SALVP1BG5EH716766,Payment Adjustment Coordinator,Philippines
985,Kellen,Gonzales,55,Female,Mirage,1994,JM1NC2NF2E0175699,Media Manager III,Thailand
986,Debbi,Chivers,34,Female,Suburban 2500,1994,WAUEFBFL5CN381995,Structural Engineer,United States
987,Bucky,Kisar,77,Male,Forester,2007,WBAVM1C50FV429557,Software Consultant,Argentina
988,Gerik,Byrch,64,Male,Carens,2009,1FMEU6DEXAU169514,Director of Sales,United States
989,Philippine,Newrick,80,Female,7 Series,2005,1C4SDHCT8CC717279,Pharmacist,Japan
990,Kamila,Osmond,63,Female,HS,2011,3D73M4CL0BG857342,Information Systems Manager,Finland
991,Shaylynn,Savege,24,Female,944,1988,WAUWFAFHXEN067353,Chemical Engineer,China
992,Leland,McNiff,59,Female,V8,1994,19UUA569X2A945506,Operator,Indonesia
993,Melicent,Durnford,66,Female,Elantra,2009,WBAYB6C50ED310623,Director of Sales,China
994,Stormy,Stringer,39,Female,LTD Crown Victoria,1990,WBALM7C52CE847477,Mechanical Systems Engineer,Russia
995,Adriena,Bedo,83,Female,Voyager,2003,5N1AR1NBXBC279268,Safety Technician III,China
996,Morse,Linnitt,23,Male,Justy,1993,KM8JT3AB5CU868713,Software Test Engineer II,Japan
997,Skip,Glossop,47,Male,900,1997,5LMJJ3H50CE059942,Safety Technician II,China
998,Keith,Peealess,47,Male,Riviera,1993,WBAFB33421L591918,Research Associate,Indonesia
999,Crystal,Goning,73,Female,Accent,1998,5N1AR2MM4FC628343,Structural Analysis Engineer,Lithuania
1000,Hendrick,Lefeaver,71,Male,CR-V,2009,1G6KE57YX3U715449,Legal Assistant,Greece
